"Yi Shinn Cosmetic",,,,,,,,,,,,,,,,,,,,,,,,,,,
"Head Office   ",,,,,,,,,,,,,,,,,,,,,,,,,,,

"Item sales list",,,,,,,,,,,,,,"From  29/03/2026  To  29/03/2026",,,,,,,,,,,
"",,,,,,,,,,,,,"Branch : Head Office",,,,,,,,,,,,,,,
,,,,,,,,,,,,,,,,,"",,,,,,,,,,,
,,,,,,,,,,,,,""
"Currency",,,,,"- MMK",,,,
,,,,,,,,,,"Qty",,,"Price",,"Discount",,,"Amount",
,,,,,,,,,
"Group",,,"- Accessories",,,,,,,,,,,,,,,,,,,,,,,,,,,""
,,,,,,,,,,,,,,,,,,,,,,,,,,,,,,

"Item - AC028, AC028 Ashley Eyebrow Clip AA-209 ",,,,,,,,,,"Total Qty : 1",,,,,,,
,,,,,,,
"29/03/2026 5:44 PM",,,,"SVWWA-26032900168",,"လက်လီ",,,,,,,"1",,,"8,000",,"",,,"8,000",
,,,,,,

"Item - AC030, AC030 Girly မျက်ရစ်ဇာတိပ် ",,,,,,,,,,"Total Qty : 6",,,,,,,
,,,,,,,
"29/03/2026 3:04 PM",,,,"SVTNM-26032900001",,"ကိုနိုင်",,,,,,,"6",,,"15,500",,"",,,"93,000",
,,,,,,

"Item - AC031, AC031 Z'oreya Auto Lip စုတ်တံ ",,,,,,,,,,"Total Qty : 1",,,,,,,
,,,,,,,
"29/03/2026 3:15 PM",,,,"SVWWA-26032900118",,"လက်လီ",,,,,,,"1",,,"14,000",,"",,,"14,000",
,,,,,,

"Item - AC032, AC032 Starke ဂျုတ် 5 ချောင်း ",,,,,,,,,,"Total Qty : 1",,,,,,,
,,,,,,,
"29/03/2026 12:31 PM",,,,"SVHH-26032900019",,"လက်လီ",,,,,,,"1",,,"3,000",,"",,,"3,000",
,,,,,,

"Item - AC040, AC040 Annasia Lip Brush ( 109 ) ",,,,,,,,,,"Total Qty : 1",,,,,,,
,,,,,,,
"29/03/2026 3:15 PM",,,,"SVWWA-26032900118",,"လက်လီ",,,,,,,"1",,,"4,000",,"",,,"4,000",
,,,,,,

"Item - AC045, AC045 Daisy Less Toner ၀ါဂွမ်း 60-ပါ ",,,,,,,,,,"Total Qty : 2",,,,,,,
,,,,,,,
"29/03/2026 2:57 PM",,,,"SVWWA-26032900110",,"လက်လီ",,,,,,,"1",,,"4,500",,"",,,"4,500",
,,,,,,
"29/03/2026 2:58 PM",,,,"SVWWA-26032900111",,"လက်လီ",,,,,,,"1",,,"4,500",,"",,,"4,500",
,,,,,,

"Item - AC072, AC072 Cushion ဖေါ့ ",,,,,,,,,,"Total Qty : 1",,,,,,,
,,,,,,,
"29/03/2026 3:00 PM",,,,"SVWWA-26032900112",,"လက်လီ",,,,,,,"1",,,"3,500",,"",,,"3,500",
,,,,,,

"Item - AC081, AC081 Ashley ပါးနီစုတ်တံ အဖုံးပါ AA-045 ",,,,,,,,,,"Total Qty : 1",,,,,,,
,,,,,,,
"29/03/2026 3:27 PM",,,,"SVWWA-26032900123",,"လက်လီ",,,,,,,"1",,,"9,500",,"",,,"9,500",
,,,,,,

"Item - AC082, AC082 Sasha မျက်ခုံးရိတ်ဓား ( 3 ) Pcs ",,,,,,,,,,"Total Qty : 1",,,,,,,
,,,,,,,
"29/03/2026 6:45 PM",,,,"SVWWA-26032900193",,"လက်လီ",,,,,,,"1",,,"4,500",,"",,,"4,500",
,,,,,,

"Item - AC093, AC093 Touch Me ဘဲဥပုံဖော့ ",,,,,,,,,,"Total Qty : 1",,,,,,,
,,,,,,,
"29/03/2026 11:32 AM",,,,"SVHH-26032900012",,"လက်လီ",,,,,,,"1",,,"2,500",,"",,,"2,500",
,,,,,,

"Item - AC100, AC100 Sasha ဆိုးဆေးခွက် ",,,,,,,,,,"Total Qty : 1",,,,,,,
,,,,,,,
"29/03/2026 1:10 PM",,,,"SVWWA-26032900074",,"လက်လီ",,,,,,,"1",,,"5,000",,"",,,"5,000",
,,,,,,

"Item - AC112, AC112 TEAMMY မျက်တောင်တု ",,,,,,,,,,"Total Qty : 1",,,,,,,
,,,,,,,
"29/03/2026 2:00 PM",,,,"SVWWA-26032900090",,"လက်လီ",,,,,,,"1",,,"11,000",,"",,,"11,000",
,,,,,,

"Item - AC115, AC115 Odbo Concelar Brush OD-8057 ",,,,,,,,,,"Total Qty : 1",,,,,,,
,,,,,,,
"29/03/2026 3:15 PM",,,,"SVWWA-26032900118",,"လက်လီ",,,,,,,"1",,,"7,800",,"",,,"7,800",
,,,,,,

"Item - AC524, AC524 Valkyries No-6 Shadow စုတ်တံ ",,,,,,,,,,"Total Qty : 1",,,,,,,
,,,,,,,
"29/03/2026 6:45 PM",,,,"SVWWA-26032900193",,"လက်လီ",,,,,,,"1",,,"4,500",,"",,,"4,500",
,,,,,,

"Item - AC527, AC527 Valkyries Brush V-15 ",,,,,,,,,,"Total Qty : 1",,,,,,,
,,,,,,,
"29/03/2026 2:58 PM",,,,"SVWWA-26032900111",,"လက်လီ",,,,,,,"1",,,"13,000",,"",,,"13,000",
,,,,,,

"Item - AC553, AC553 Kiyoi Gentle & Soft Cotton Pad ( 120 pcs ) ",,,,,,,,,,"Total Qty : 1",,,,,,,
,,,,,,,,,
"29/03/2026 10:49 AM",,,,"SVWWA-26032900025",,"လက်လီ",,,,,,,"1",,,"6,600",,"",,,"6,600",
,,,,,,

"Item - AC555, AC555 Kiyoi Cotton Pads ( 150 Pcs ) ",,,,,,,,,,"Total Qty : 4",,,,,,,
,,,,,,,
"29/03/2026 5:17 PM",,,,"SVWWA-26032900161",,"လက်လီ",,,,,,,"1",,,"5,800",,"",,,"5,800",
,,,,,,

"Print Date : 4/2/2026 4:52:58 PM",,,,,,,,"Page 1 of 30",,,,
"29/03/2026 2:48 PM",,,"SVWWA-26032900108",,"လက်လီ",,,,"1","5,800",,"",,,"5,800",
,,,
"29/03/2026 3:48 PM",,,"SVHH-26032900051",,"လက်လီ",,,,"2","5,800",,"",,,"11,600",
,,,

"Item - AC557, AC557 Kiyoi Facial Towel ( 60 Pcs ) ",,,,,,,,"Total Qty : 5",,,
,,,
"29/03/2026 12:49 PM",,,"SVWWA-26032900066",,"လက်လီ",,,,"5","9,500",,"",,,"47,500",
,,,
"",,,,,,,,,,,

"31","269,600",,,

"Group",,,"- Arty",,,,,,,,,,,,,,,,,,,,,""

"Item - 8852525236400, 8852525236400 Arty Translucent Loose Powder ",,,,,,,,"Total Qty : 1",,,
,,,,,,,
"29/03/2026 2:41 PM",,,"SVHH-26032900036",,"လက်လီ",,,,"1","108,800",,"",,,"108,800",
,,,

"Item - 8852525941038, 8852525941038 Arty Perfect Cover Foundation ",,,,,,,,"Total Qty : 1",,,
,,,,,,,
"29/03/2026 4:56 PM",,,"SVWWA-26032900152",,"လက်လီ",,,,"1","65,300",,"",,,"65,300",
,,,
"",,,,,,,,,,,

"2","174,100",,,

"Group",,,"- Baby Care",,,,,,,,,,,,,,,,,,,,,""

"Item - BL010, BL010 Babimild Cream ( 50ml ) ",,,,,,,,"Total Qty : 4",,,
,,,
"29/03/2026 4:48 PM",,,"SVWWA-26032900147",,"လက်လီ",,,,"1","12,000",,"",,,"12,000",
,,,
"29/03/2026 7:01 PM",,,"SVWWA-26032900199",,"လက်လီ",,,,"1","12,000",,"",,,"12,000",
,,,
"29/03/2026 3:43 PM",,,"SVWWA-26032900126",,"လက်လီ",,,,"1","12,000",,"",,,"12,000",
,,,
"29/03/2026 6:12 PM",,,"SVWWA-26032900180",,"လက်လီ",,,,"1","12,000",,"",,,"12,000",
,,,

"Item - GF086, GF086 Giffarine Teenie Milky Body Lotion ( 250g ) B-205 ",,,,,,,,"Total Qty : 1",,,
,,,,,,,
"29/03/2026 3:13 PM",,,"SVWWA-26032900117",,"လက်လီ",,,,"1","21,000",,"",,,"21,000",
,,,

"Item - SH015, SH015 Johnson's Baby Oil ( 125ml ) ",,,,,,,,"Total Qty : 1",,,
,,,
"29/03/2026 10:44 AM",,,"SVWWA-26032900023",,"လက်လီ",,,,"1","19,000",,"",,,"19,000",
,,,

"Item - SH029, SH029 DMP Organic PH 5.5 Baby Body Lotion ( 480ml )+ ( 200ml ) တွဲ ",,,,,,,,"Total Qty : 1",,,
,,,,,,,
"29/03/2026 12:12 PM",,,"SVWWA-26032900055",,"လက်လီ",,,,"1","31,000",,"",,,"31,000",
,,,

"Item - SH188, SH188 Babimild Ultra Mild Head & Body Baby ( 180ml ) ",,,,,,,,"Total Qty : 13",,,
,,,,,,,
"29/03/2026 6:11 PM",,,"SVHH-26032900071",,"လက်လီ",,,,"1","7,000",,"",,,"7,000",
,,,
"29/03/2026 12:51 PM",,,"SVHH-26032900024",,"လက်လီ",,,,"12","7,000",,"",,,"84,000",
,,,

"Item - SH189, SH189 Babimild Ultra Mild Head & Body ( 380ml ) ",,,,,,,,"Total Qty : 1",,,
,,,,,,,
"29/03/2026 2:40 PM",,,"SVWWA-26032900104",,"လက်လီ",,,,"1","16,000",,"",,,"16,000",
,,,

"Item - SH196, SH196 Babimild Baby Oil ( 100ml ) ",,,,,,,,"Total Qty : 2",,,
,,,
"29/03/2026 10:49 AM",,,"SVWWA-26032900025",,"လက်လီ",,,,"1","8,000",,"",,,"8,000",
,,,
"29/03/2026 2:40 PM",,,"SVWWA-26032900104",,"လက်လီ",,,,"1","8,000",,"",,,"8,000",
,,,

"Item - SH203, SH203 Babimild Milk Baby Body Lotion ( 350ml ) ",,,,,,,,"Total Qty : 1",,,
,,,,,,,
"29/03/2026 10:49 AM",,,"SVWWA-26032900025",,"လက်လီ",,,,"1","28,500",,"",,,"28,500",
,,,

"Item - SH231, SH231 One Plus Baby Wipes 100-ပါ ",,,,,,,,"Total Qty : 1",,,
,,,
"29/03/2026 3:13 PM",,,"SVWWA-26032900117",,"လက်လီ",,,,"1","4,000",,"",,,"4,000",
,,,

"Item - SH290, SH290 Pigeon Natural Botanical Baby Milky Lotion ( 500ml ) ",,,,,,,,"Total Qty : 2",,,
,,,,,,,
"29/03/2026 4:52 PM",,,"SVWWA-26032900149",,"လက်လီ",,,,"1","42,000",,"",,,"42,000",
,,,

"Print Date : 4/2/2026 4:52:58 PM",,,,,,,"Page 2 of 30",,,
"29/03/2026 3:13 PM",,,"SVWWA-26032900117",,"လက်လီ",,,,"1","42,000",,"",,,"42,000",
,,,

"Item - SH301, SH301 Pyunkang Yul Baby Cream ( 400ml ) ",,,,,,,,"Total Qty : 1",,,
,,,
"29/03/2026 2:48 PM",,,"SVWWA-26032900108",,"လက်လီ",,,,"1","57,500",,"",,,"57,500",
,,,

"Item - SS397, SS397 Pyunkang Yul Kids & Baby Sun Cushion ",,,,,,,,"Total Qty : 1",,,
,,,,,,,
"29/03/2026 2:48 PM",,,"SVWWA-26032900108",,"လက်လီ",,,,"1","45,000",,"",,,"45,000",
,,,

"Item - TC006, TC006 Babimild Talc  ( 350g ) ",,,,,,,,"Total Qty : 1",,,
,,,
"29/03/2026 10:30 AM",,,"SVWWA-26032900019",,"လက်လီ",,,,"1","11,000",,"",,,"11,000",
,,,

"Item - TP064, TP064 Kodomo Kids Toothpaste ( 65g ) ",,,,,,,,"Total Qty : 6",,,
,,,
"29/03/2026 6:12 PM",,,"SVWWA-26032900180",,"လက်လီ",,,,"1","6,500",,"",,,"6,500",
,,,
"29/03/2026 11:42 AM",,,"SVWWA-26032900042",,"လက်လီ",,,,"1","6,500",,"",,,"6,500",
,,,
"29/03/2026 10:35 AM",,,"SVWWA-26032900020",,"လက်လီ",,,,"2","6,500",,"",,,"13,000",
,,,
"29/03/2026 11:54 AM",,,"SVHH-26032900014",,"လက်လီ",,,,"2","6,500",,"",,,"13,000",
,,,

"Item - TP142, TP142 Dentee Kids Step 2 , 3 Toothbrush ",,,,,,,,"Total Qty : 4",,,
,,,
"29/03/2026 11:54 AM",,,"SVHH-26032900014",,"လက်လီ",,,,"2","6,300",,"",,,"12,600",
,,,
"29/03/2026 6:12 PM",,,"SVWWA-26032900180",,"လက်လီ",,,,"1","6,300",,"",,,"6,300",
,,,
"29/03/2026 10:35 AM",,,"SVWWA-26032900020",,"လက်လီ",,,,"1","6,300",,"",,,"6,300",
,,,
"",,,,,,,,,,,

"40","536,200",,,

"Group",,,"- Bags & Wallets",,,,,,,,,,,,,,,,,,,,,""

"Item - BG029, BG029 Lingkub 2326 ",,,,,,,,"Total Qty : 1",,,
,,,
"29/03/2026 5:01 PM",,,"SVWWA-26032900156",,"လက်လီ",,,,"1","43,000",,"",,,"43,000",
,,,

"Item - BG035, BG035 Lingkub 2427 ",,,,,,,,"Total Qty : 1",,,
,,,
"29/03/2026 2:51 PM",,,"SVHH-26032900039",,"လက်လီ",,,,"1","45,000",,"",,,"45,000",
,,,

"Item - BG053, BG053 Lingky LK17015 ",,,,,,,,"Total Qty : 1",,,
,,,
"29/03/2026 10:55 AM",,,"SVWWA-26032900029",,"လက်လီ",,,,"1","52,000",,"",,,"52,000",
,,,

"Item - BG058, BG058 Lingky PL546 ",,,,,,,,"Total Qty : 1",,,
,,,
"29/03/2026 4:13 PM",,,"SVWWA-26032900135",,"လက်လီ",,,,"1","45,000",,"",,,"45,000",
,,,

"Item - BG068, BG068 Lingky PL517 ",,,,,,,,"Total Qty : 1",,,
,,,
"29/03/2026 3:32 PM",,,"SVWWA-26032900124",,"လက်လီ",,,,"1","48,500",,"",,,"48,500",
,,,

"Item - BG124, BG124 Yagelaishi 3891 ",,,,,,,,"Total Qty : 1",,,
,,,
"29/03/2026 1:05 PM",,,"SVWWA-26032900072",,"လက်လီ",,,,"1","48,000",,"",,,"48,000",
,,,

"Item - BG134, BG134 Xiujue Shopping XJ 6023,6025 ",,,,,,,,"Total Qty : 1",,,
,,,
"29/03/2026 4:53 PM",,,"SVWWA-26032900150",,"လက်လီ",,,,"1","54,000",,"",,,"54,000",
,,,

"Item - BG173, BG173 Louis Sasun 905,610,962,976,336,651 ",,,,,,,,"Total Qty : 2",,,
,,,
"29/03/2026 6:44 PM",,,"SVWWA-26032900192",,"လက်လီ",,,,"1","99,000",,"",,,"99,000",
,,,
"29/03/2026 6:18 PM",,,"SVWWA-26032900181",,"လက်လီ",,,,"1","99,000",,"",,,"99,000",
,,,

"Item - BG309, BG309 Penciel Bag 1037,1038,1039,1046,1047,028,1001 ",,,,,,,,"Total Qty : 1",,,
,,,,,,,
"29/03/2026 12:33 PM",,,"SVHH-26032900021",,"လက်လီ",,,,"1","13,000",,"",,,"13,000",
,,,

"Item - BG317, BG317 Kuromi 093 LB,MY,CI,TW,ST,RV,MC ",,,,,,,,"Total Qty : 1",,,
,,,
"29/03/2026 3:08 PM",,,"SVWWA-26032900116",,"လက်လီ",,,,"1","22,000",,"",,,"22,000",
,,,

"Item - BG318, BG318 Kuromi ဇစ်ဆွဲအပြားအစုံ ",,,,,,,,"Total Qty : 1",,,
,,,
"29/03/2026 4:48 PM",,,"SVWWA-26032900147",,"လက်လီ",,,,"1","15,000",,"",,,"15,000",
,,,

"Print Date : 4/2/2026 4:52:58 PM",,,,,,,"Page 3 of 30",,,
"Item - BG325, BG325 Marvel SM,AVG - 1003,1004 ",,,,,,,,"Total Qty : 1",,,
,,,
"29/03/2026 4:48 PM",,,"SVWWA-26032900147",,"လက်လီ",,,,"1","22,000",,"",,,"22,000",
,,,

"Item - BG335, BG335 Lingky ဇစ်ဆွဲ 9913 ",,,,,,,,"Total Qty : 1",,,
,,,
"29/03/2026 1:17 PM",,,"SVWWA-26032900079",,"လက်လီ",,,,"1","19,000",,"",,,"19,000",
,,,

"Item - BG342, BG342 Lingky PY2015 ",,,,,,,,"Total Qty : 1",,,
,,,
"29/03/2026 1:23 PM",,,"SVWWA-26032900081",,"လက်လီ",,,,"1","19,000",,"",,,"19,000",
,,,

"Item - BG352, BG352 Lingky PY2017 ",,,,,,,,"Total Qty : 1",,,
,,,
"29/03/2026 4:48 PM",,,"SVWWA-26032900147",,"လက်လီ",,,,"1","17,000",,"",,,"17,000",
,,,

"Item - CC233, CC233 POLO 62008 , 68442 ",,,,,,,,"Total Qty : 1",,,
,,,
"29/03/2026 3:45 PM",,,"SVWWA-26032900128",,"လက်လီ",,,,"1","115,000",,"",,,"115,000",
,,,

"Item - CC400, CC400 Lingky 2342 ",,,,,,,,"Total Qty : 1",,,
,,,
"29/03/2026 10:55 AM",,,"SVWWA-26032900029",,"လက်လီ",,,,"1","56,500",,"",,,"56,500",
,,,

"Item - CC402, CC402 Lingky ကျောပိုး PL110 ",,,,,,,,"Total Qty : 1",,,
,,,
"29/03/2026 4:19 PM",,,"SVWWA-26032900138",,"လက်လီ",,,,"1","55,000",,"",,,"55,000",
,,,

"Item - LF226, LF226 Lorenzo 7038 ",,,,,,,,"Total Qty : 2",,,
,,,
"29/03/2026 3:20 PM",,,"SVWWA-26032900121",,"လက်လီ",,,,"2","243,000",,"",,,"486,000",
,,,
"",,,,,,,,,,,

"21","1,373,000",,,

"Group",,,"- Bath & Body",,,,,,,,,,,,,,,,,,,,,""

"Item - AC233, AC233 Bio Oil ( 125ml ) ",,,,,,,,"Total Qty : 1",,,
,,,
"29/03/2026 5:00 PM",,,"SVWWA-26032900154",,"လက်လီ",,,,"1","45,000",,"",,,"45,000",
,,,

"Item - AC270, AC270 Shiseido UREA Hand & Foot Cream ( 100g ) ",,,,,,,,"Total Qty : 1",,,
,,,,,,,
"29/03/2026 2:41 PM",,,"SVWWA-26032900105",,"လက်လီ",,,,"1","33,500",,"",,,"33,500",
,,,

"Item - BL074, BL074 Garnier Body Lotion ( 400ml ) ",,,,,,,,"Total Qty : 1",,,
,,,
"29/03/2026 10:52 AM",,,"SVWWA-26032900027",,"လက်လီ",,,,"1","20,000",,"",,,"20,000",
,,,

"Item - BL092, BL092 Jabs Bright Booster Body Lotion ( 450ml ) ",,,,,,,,"Total Qty : 6",,,
,,,,,,,
"29/03/2026 2:44 PM",,,"SVWWA-26032900107",,"လက်လီ",,,,"1","33,000",,"",,,"33,000",
,,,
"29/03/2026 12:49 PM",,,"SVWWA-26032900067",,"လက်လီ",,,,"1","33,000",,"",,,"33,000",
,,,
"29/03/2026 10:21 AM",,,"SVWWA-26032900016",,"လက်လီ",,,,"1","33,000",,"",,,"33,000",
,,,
"29/03/2026 11:54 AM",,,"SVWWA-26032900046",,"လက်လီ",,,,"3","33,000",,"",,,"99,000",
,,,

"Item - BL093, BL093 Jergens Body Lotion ( 621ml ) ",,,,,,,,"Total Qty : 3",,,
,,,
"29/03/2026 11:21 AM",,,"SVWWA-26032900034",,"လက်လီ",,,,"1","53,000",,"",,,"53,000",
,,,
"29/03/2026 3:27 PM",,,"SVWWA-26032900123",,"လက်လီ",,,,"1","53,000",,"",,,"53,000",
,,,
"29/03/2026 4:56 PM",,,"SVHH-26032900056",,"လက်လီ",,,,"1","53,000",,"",,,"53,000",
,,,

"Item - BL125, BL125 Mistine White Spa Lotion ( 400ml ) ",,,,,,,,"Total Qty : 2",,,
,,,
"29/03/2026 6:18 PM",,,"SVWWA-26032900181",,"လက်လီ",,,,"2","18,000",,"",,,"36,000",
,,,

"Item - BL128, BL128 Mistine Bulgarian Yogurt Body Lotion ( 500ml ) အစုံ ",,,,,,,,"Total Qty : 2",,,
,,,,,,,
"29/03/2026 4:48 PM",,,"SVWWA-26032900147",,"လက်လီ",,,,"1","20,000",,"",,,"20,000",
,,,
"29/03/2026 6:43 PM",,,"SVWWA-26032900189",,"လက်လီ",,,,"1","20,000",,"",,,"20,000",
,,,

"Item - BL133, BL133 Maru Body Lotion ( 400ml ) ",,,,,,,,"Total Qty : 2",,,
,,,
"29/03/2026 7:00 PM",,,"SVWWA-26032900198",,"လက်လီ",,,,"1","15,500",,"",,,"15,500",
,,,
"29/03/2026 4:56 PM",,,"SVHH-26032900056",,"လက်လီ",,,,"1","15,500",,"",,,"15,500",
,,,

"Print Date : 4/2/2026 4:52:58 PM",,,,,,,"Page 4 of 30",,,
"Item - BL146, BL146 Nivea Extra Bright , Intensive Moisture Body Lotion ( 550ml ) ",,,,,,"Total Qty : 2",,
,,,,,
"29/03/2026 3:46 PM","SVHH-26032900049",,"လက်လီ",,,"1","25,000",,"",,"25,000",
,,
"29/03/2026 2:40 PM","SVWWA-26032900104",,"လက်လီ",,,"1","25,000",,"",,"25,000",
,,

"Item - BL193, BL193 Vaseline UV Extra Brightening Gluta Ceramide Lotion ( 300ml ) ",,,,,,"Total Qty : 1",,
,,,,,
"29/03/2026 11:39 AM","SVWWA-26032900041",,"လက်လီ",,,"1","20,000",,"",,"20,000",
,,

"Item - BL194, BL194 Vaseline GLUTA-HYA Pro-Age Restore Body Serum ( 300ml ) ",,,,,,"Total Qty : 2",,
,,,,,
"29/03/2026 6:08 PM","SVWWA-26032900178",,"လက်လီ",,,"1","24,000",,"",,"24,000",
,,
"29/03/2026 11:08 AM","SVWWA-26032900030",,"လက်လီ",,,"1","24,000",,"",,"24,000",
,,

"Item - BL195, BL195 Vaseline Fresh & Bright Cooling-4'C Body Lotion ( 500ml ) ",,,,,,"Total Qty : 2",,
,,,,,
"29/03/2026 6:49 PM","SVWWA-26032900194",,"လက်လီ",,,"1","28,000",,"",,"28,000",
,,
"29/03/2026 2:22 PM","SVWWA-26032900097",,"လက်လီ",,,"1","28,000",,"",,"28,000",
,,

"Item - BL196, BL196 Vaseline GLUTA-HYA Overnight Serum ( 300ml ) ",,,,,,"Total Qty : 2",,
,,,,,
"29/03/2026 1:34 PM","SVWWA-26032900084",,"လက်လီ",,,"1","23,500",,"",,"23,500",
,,
"29/03/2026 1:01 PM","SVWWA-26032900071",,"လက်လီ",,,"1","23,500",,"",,"23,500",
,,

"Item - BL197, BL197 Vaseline GLUTA-HYA Serum Tube ( 300ml ) ",,,,,,"Total Qty : 3",,
,,,,,
"29/03/2026 10:22 AM","SVWWA-26032900017",,"လက်လီ",,,"1","21,000",,"",,"21,000",
,,
"29/03/2026 1:10 PM","SVWWA-26032900074",,"လက်လီ",,,"1","21,000",,"",,"21,000",
,,
"29/03/2026 6:52 PM","SVWWA-26032900196",,"လက်လီ",,,"1","21,000",,"",,"21,000",
,,

"Item - BL200, BL200 Vaseline UV Extra Brightening Gluta Ceramide Lotion ( 470ml ) ",,,,,,"Total Qty : 3",,
,,,,,
"29/03/2026 3:20 PM","SVWWA-26032900121",,"လက်လီ",,,"1","26,000",,"",,"26,000",
,,
"29/03/2026 5:27 PM","SVHH-26032900063",,"လက်လီ",,,"1","26,000",,"",,"26,000",
,,
"29/03/2026 10:06 AM","SVWWA-26032900002",,"လက်လီ",,,"1","26,000",,"",,"26,000",
,,

"Item - BL207, BL207 Vaseline Extra Cooling Serum SPF 50 ( 265ml ) ",,,,,,"Total Qty : 4",,
,,,,,
"29/03/2026 10:49 AM","SVWWA-26032900025",,"လက်လီ",,,"1","23,500",,"",,"23,500",
,,
"29/03/2026 5:17 PM","SVWWA-26032900161",,"လက်လီ",,,"1","23,500",,"",,"23,500",
,,
"29/03/2026 1:01 PM","SVWWA-26032900071",,"လက်လီ",,,"2","23,500",,"",,"47,000",
,,

"Item - BL210, BL210 Vaseline Gluta HYA Smoothing Perfector Serum Tube ( 300ml ) ",,,,,,"Total Qty : 1",,
,,,,,
"29/03/2026 3:26 PM","SVHH-26032900047",,"လက်လီ",,,"1","25,000",,"",,"25,000",
,,

"Item - BL216, BL216 Vaseline အဆီခဲ ( 50g ) ",,,,,,"Total Qty : 1",,
,,
"29/03/2026 10:29 AM","SVWWA-26032900018",,"လက်လီ",,,"1","7,500",,"",,"7,500",
,,

"Item - BL217, BL217 Vaseline အဆီခဲ ( 100g ) ",,,,,,"Total Qty : 3",,
,,
"29/03/2026 12:28 PM","SVWWA-26032900057",,"လက်လီ",,,"1","12,000",,"",,"12,000",
,,
"29/03/2026 10:44 AM","SVWWA-26032900023",,"လက်လီ",,,"1","12,000",,"",,"12,000",
,,
"29/03/2026 10:49 AM","SVWWA-26032900025",,"လက်လီ",,,"1","12,000",,"",,"12,000",
,,

"Item - BL218, BL218 Vaseline အဆီခဲ ( 369g ) ",,,,,,"Total Qty : 1",,
,,
"29/03/2026 11:52 AM","SVWWA-26032900045",,"လက်လီ",,,"1","36,000",,"",,"36,000",
,,

"Print Date : 4/2/2026 4:52:58 PM",,,,,"Page 5 of 30",,
"Item - BS015, BS015 Denim Body Spray ( 150ml ) ",,,,,,"Total Qty : 1",,
,,
"29/03/2026 11:24 AM","SVWWA-26032900035",,"လက်လီ",,,"1","17,000",,"",,"17,000",
,,

"Item - BS030, BS030 Maison Alhambra Body Spray ( 200ml ) အစုံ ",,,,,,"Total Qty : 2",,
,,,,,
"29/03/2026 10:19 AM","SVWWA-26032900012",,"လက်လီ",,,"1","11,500",,"",,"11,500",
,,
"29/03/2026 5:09 PM","SVWWA-26032900159",,"လက်လီ",,,"1","11,500",,"",,"11,500",
,,

"Item - GF102, GF102 Giffarine Granada, Rosia, Vetiver Shower ( 500ml ) B-310 ",,,,,,"Total Qty : 1",,
,,,,,
"29/03/2026 11:10 AM","SVWWA-26032900031",,"လက်လီ",,,"1","32,000",,"",,"32,000",
,,

"Item - GF103, GF103 Giffarine Aloe, Oceania  Shower ( 500ml ) B-290 ",,,,,,"Total Qty : 2",,
,,,,,
"29/03/2026 11:10 AM","SVWWA-26032900031",,"လက်လီ",,,"2","31,000",,"",,"62,000",
,,

"Item - GF104, GF104 Giffarine Antibacterial Shower Cream ( 500ml ) B-300 ",,,,,,"Total Qty : 3",,
,,,,,
"29/03/2026 11:10 AM","SVWWA-26032900031",,"လက်လီ",,,"2","31,000",,"",,"62,000",
,,
"29/03/2026 10:10 AM","SVWWA-26032900006",,"လက်လီ",,,"1","31,000",,"",,"31,000",
,,

"Item - RO011, RO011 Amby Roll On  ( ပုံသစ် ) ( 50ml ) စိမ်း ",,,,,,"Total Qty : 1",,
,,
"29/03/2026 6:08 PM","SVHH-26032900069",,"လက်လီ",,,"1","17,500",,"",,"17,500",
,,

"Item - RO045, RO045 Denim Roll On  ( 50ml  ) ",,,,,,"Total Qty : 5",,
,,
"29/03/2026 7:00 PM","SVWWA-26032900198",,"လက်လီ",,,"1","16,000",,"",,"16,000",
,,
"29/03/2026 11:24 AM","SVWWA-26032900035",,"လက်လီ",,,"1","16,000",,"",,"16,000",
,,
"29/03/2026 4:33 PM","SVTNM-26032900003",,"ဒေါ်ကြည်ရှိန်",,,"3","15,500",,"",,"46,500",
,,

"Item - RO050, RO050 Enchanteur White Roll On ( 50ml ) ",,,,,,"Total Qty : 4",,
,,
"29/03/2026 6:08 PM","SVWWA-26032900178",,"လက်လီ",,,"1","15,000",,"",,"15,000",
,,
"29/03/2026 4:07 PM","SVWWA-26032900134",,"လက်လီ",,,"1","15,000",,"",,"15,000",
,,
"29/03/2026 11:35 AM","SVWWA-26032900039",,"လက်လီ",,,"1","15,000",,"",,"15,000",
,,
"29/03/2026 11:54 AM","SVHH-26032900014",,"လက်လီ",,,"1","15,000",,"",,"15,000",
,,

"Item - RO051, RO051 Enchanteur Roll On ( 50ml ) ခရမ်း၊ ပန်း၊ အဝါ၊ အနီ ",,,,,,"Total Qty : 3",,
,,,,,
"29/03/2026 11:32 AM","SVHH-26032900012",,"လက်လီ",,,"3","13,000",,"",,"39,000",
,,

"Item - RO057, RO057 Degree Lady Stick ( 74g ) ",,,,,,"Total Qty : 1",,
,,
"29/03/2026 10:15 AM","SVWWA-26032900010",,"လက်လီ",,,"1","35,000",,"",,"35,000",
,,

"Item - RO066, RO066 Gillette Gel ( 70ml ) ",,,,,,"Total Qty : 1",,
,,
"29/03/2026 2:41 PM","SVHH-26032900035",,"လက်လီ",,,"1","33,000",,"",,"33,000",
,,

"Item - RO080, RO080 Mistine Uni Q Roll On ( 100ml ) ",,,,,,"Total Qty : 1",,
,,
"29/03/2026 6:00 PM","SVWWA-26032900175",,"လက်လီ",,,"1","8,800",,"",,"8,800",
,,

"Item - RO081, RO081 Mistine Uni Q Roll On ( 100ml ) New ",,,,,,"Total Qty : 1",,
,,
"29/03/2026 6:00 PM","SVWWA-26032900175",,"လက်လီ",,,"1","8,800",,"",,"8,800",
,,

"Item - RO098, RO098 Oriental Princess White  Roll On ( 70ml )B-165 ",,,,,,"Total Qty : 2",,
,,,,,
"29/03/2026 12:36 PM","SVWWA-26032900063",,"လက်လီ",,,"1","20,000",,"",,"20,000",
,,
"29/03/2026 4:07 PM","SVWWA-26032900134",,"လက်လီ",,,"1","20,000",,"",,"20,000",
,,

"Item - RO100, RO100 Rexona Men Roll On ( 50ml ) ",,,,,,"Total Qty : 1",,
,,
"29/03/2026 4:07 PM","SVWWA-26032900134",,"လက်လီ",,,"1","13,000",,"",,"13,000",
,,

"Print Date : 4/2/2026 4:52:58 PM",,,,,"Page 6 of 30",,
"Item - RO101, RO101 Rexona Lady Roll On ( 45ml ) ",,,,,,"Total Qty : 1",,
,,
"29/03/2026 10:12 AM","SVWWA-26032900007",,"လက်လီ",,,"1","13,500",,"",,"13,500",
,,

"Item - RO116, RO116 Vaseline Gluta Glow Roll On ( 45ml ) ",,,,,,"Total Qty : 1",,
,,
"29/03/2026 2:03 PM","SVWWA-26032900091",,"လက်လီ",,,"1","14,000",,"",,"14,000",
,,

"Item - RO121, RO121 Yardley Roll On ( 50ml ) Company ",,,,,,"Total Qty : 1",,
,,
"29/03/2026 6:50 PM","SVWWA-26032900195",,"လက်လီ",,,"1","17,000",,"",,"17,000",
,,

"Item - SH055, SH055 Bubble Body Wash ( 900g ) အစုံ ",,,,,,"Total Qty : 3",,
,,
"29/03/2026 2:09 PM","SVWWA-26032900096",,"လက်လီ",,,"2","16,500",,"",,"33,000",
,,
"29/03/2026 10:38 AM","SVWWA-26032900022",,"လက်လီ",,,"1","16,500",,"",,"16,500",
,,

"Item - SH058, SH058 Bubble Body Wash ( 550g ) အစုံ ",,,,,,"Total Qty : 1",,
,,
"29/03/2026 5:19 PM","SVWWA-26032900163",,"လက်လီ",,,"1","10,500",,"",,"10,500",
,,

"Item - SH062, SH062 Deleaf Thanaka , Pomegranate Shower Gel ( 450ml ) ",,,,,,"Total Qty : 1",,
,,,,,
"29/03/2026 1:13 PM","SVWWA-26032900077",,"လက်လီ",,,"1","20,000",,"",,"20,000",
,,

"Item - SH064, SH064 Dettol Shower ( 500ml ) ",,,,,,"Total Qty : 8",,
,,
"29/03/2026 11:54 AM","SVWWA-26032900046",,"လက်လီ",,,"2","21,000",,"",,"42,000",
,,
"29/03/2026 12:47 PM","SVHH-26032900022",,"လက်လီ",,,"6","21,000",,"",,"126,000",
,,

"Item - SH092, SH092 Lux Shower ( 500ml , 450ml ) ",,,,,,"Total Qty : 3",,
,,
"29/03/2026 6:12 PM","SVWWA-26032900180",,"လက်လီ",,,"2","14,000",,"",,"28,000",
,,
"29/03/2026 6:18 PM","SVWWA-26032900181",,"လက်လီ",,,"1","14,000",,"",,"14,000",
,,

"Item - SH123, SH123 Shokubutsu Men Body Wash ( 500ml ) ",,,,,,"Total Qty : 2",,
,,
"29/03/2026 10:30 AM","SVWWA-26032900019",,"လက်လီ",,,"2","16,000",,"",,"32,000",
,,

"Item - SH130, SH130 Tracia Goat Milk Shower Cream ( 1000ml ) ",,,,,,"Total Qty : 6",,
,,,,,
"29/03/2026 3:13 PM","SVWWA-26032900117",,"လက်လီ",,,"2","29,500",,"",,"59,000",
,,
"29/03/2026 10:08 AM","SVWWA-26032900004",,"လက်လီ",,,"1","29,500",,"",,"29,500",
,,
"29/03/2026 4:05 PM","SVWWA-26032900133",,"လက်လီ",,,"1","29,500",,"",,"29,500",
,,
"29/03/2026 10:06 AM","SVWWA-26032900002",,"လက်လီ",,,"1","29,500",,"",,"29,500",
,,
"29/03/2026 4:13 PM","SVWWA-26032900135",,"လက်လီ",,,"1","29,500",,"",,"29,500",
,,

"Item - SH161, SH161 Parrot Shower Cream ( 450ml ) ",,,,,,"Total Qty : 1",,
,,
"29/03/2026 6:18 PM","SVWWA-26032900181",,"လက်လီ",,,"1","18,000",,"",,"18,000",
,,

"Item - SH173, SH173 Vaseline Deep Moisture Hand & Nail Cream ( 60ml ) ",,,,,,"Total Qty : 2",,
,,,,,
"29/03/2026 1:21 PM","SVWWA-26032900080",,"လက်လီ",,,"2","8,500",,"",,"17,000",
,,

"Item - SH241, SH241 Herballine Shower ( 1000ml ) ",,,,,,"Total Qty : 1",,
,,
"29/03/2026 12:05 PM","SVHH-26032900016",,"လက်လီ",,,"1","18,000",,"",,"18,000",
,,

"Item - SH243, SH243 Herballines Herbal Defence Anti-bacterial Shower ( 500ml ) ",,,,,,"Total Qty : 1",,
,,,,,
"29/03/2026 2:09 PM","SVWWA-26032900096",,"လက်လီ",,,"1","10,000",,"",,"10,000",
,,

"Item - SO002, SO002 Amway Soap ( 150g ) ( USA ) ",,,,,,"Total Qty : 1",,
,,
"29/03/2026 11:20 AM","SVHH-26032900011",,"လက်လီ",,,"1","25,500",,"",,"25,500",
,,

"Item - SO080, SO080 Jam Tomato , Acne , Bird's Nest Soap ( 65g ) ",,,,,,"Total Qty : 1",,
,,,,,
"29/03/2026 3:13 PM","SVWWA-26032900117",,"လက်လီ",,,"1","4,500",,"",,"4,500",
,,

"Print Date : 4/2/2026 4:52:58 PM",,,,,"Page 7 of 30",,
"Item - SO084, SO084 S Sacare Soap ( 140g ) မန်ကျည်းအဝိုင်း ",,,,,,"Total Qty : 5",,
,,
"29/03/2026 2:41 PM","SVWWA-26032900105",,"လက်လီ",,,"3","5,000",,"",,"15,000",
,,
"29/03/2026 2:43 PM","SVWWA-26032900106",,"လက်လီ",,,"2","5,000",,"",,"10,000",
,,

"Item - SO085, SO085 Suphana Tamarind Herbal Soap ( 160g ) ",,,,,,"Total Qty : 3",,
,,,,,
"29/03/2026 3:01 PM","SVWWA-26032900113",,"လက်လီ",,,"1","7,000",,"",,"7,000",
,,
"29/03/2026 4:05 PM","SVWWA-26032900133",,"လက်လီ",,,"2","7,000",,"",,"14,000",
,,

"Item - SO086, SO086 Kerasys Soap ( 100g ) ",,,,,,"Total Qty : 2",,
,,
"29/03/2026 2:41 PM","SVWWA-26032900105",,"လက်လီ",,,"1","6,000",,"",,"6,000",
,,
"29/03/2026 2:43 PM","SVWWA-26032900106",,"လက်လီ",,,"1","6,000",,"",,"6,000",
,,

"Item - SO088, SO088 K Dynary Rice Soap ( 65g ) 12-ခဲ ",,,,,,"Total Qty : 1",,
,,
"29/03/2026 2:43 PM","SVWWA-26032900106",,"လက်လီ",,,"1","19,500",,"",,"19,500",
,,

"Item - SO089, SO089 Kao White Soap ( 130g ) ",,,,,,"Total Qty : 4",,
,,
"29/03/2026 2:09 PM","SVWWA-26032900096",,"လက်လီ",,,"4","6,500",,"",,"26,000",
,,

"Item - SO093, SO093 Lux Soap ( 70g , 80g ) ",,,,,,"Total Qty : 2",,
,,
"29/03/2026 6:12 PM","SVWWA-26032900180",,"လက်လီ",,,"2","1,800",,"",,"3,600",
,,

"Item - TC024, TC024 Enchanteur Talc ( 250g ) ",,,,,,"Total Qty : 1",,
,,
"29/03/2026 12:31 PM","SVHH-26032900019",,"လက်လီ",,,"1","18,500",,"",,"18,500",
,,

"Item - TC035, TC035 Galanz Talc ( 100g ) ",,,,,,"Total Qty : 1",,
,,
"29/03/2026 1:25 PM","SVWWA-26032900082",,"လက်လီ",,,"1","15,000",,"",,"15,000",
,,

"Item - TC086, TC086 Yardley Lady Talc ( 250g ) ",,,,,,"Total Qty : 1",,
,,
"29/03/2026 4:05 PM","SVWWA-26032900133",,"လက်လီ",,,"1","23,000",,"",,"23,000",
,,

"Item - TP005, TP005 White & White Japan Toothpaste ( 150g ) ",,,,,,"Total Qty : 1",,
,,,,,
"29/03/2026 11:54 AM","SVWWA-26032900046",,"လက်လီ",,,"1","14,500",,"",,"14,500",
,,

"Item - TP007, TP007 Lion Toothpaste ( 140g ) ",,,,,,"Total Qty : 1",,
,,
"29/03/2026 12:00 PM","SVWWA-26032900049",,"လက်လီ",,,"1","10,000",,"",,"10,000",
,,

"Item - TP008, TP008 Closeup Triple Fresh Toothpaste ( 160g ) ",,,,,,"Total Qty : 13",,
,,,,,
"29/03/2026 12:31 PM","SVHH-26032900019",,"လက်လီ",,,"1","6,000",,"",,"6,000",
,,
"29/03/2026 9:56 AM","SVHH-26032900001",,"လက်လီ",,,"6","6,000",,"",,"36,000",
,,
"29/03/2026 10:18 AM","SVWWA-26032900011",,"လက်လီ",,,"6","6,000",,"",,"36,000",
,,

"Item - TP017, TP017 Colgate Double Toothpaste ( 140g ) ",,,,,,"Total Qty : 8",,
,,
"29/03/2026 4:05 PM","SVWWA-26032900133",,"လက်လီ",,,"5","8,500",,"",,"42,500",
,,
"29/03/2026 6:12 PM","SVWWA-26032900180",,"လက်လီ",,,"1","8,500",,"",,"8,500",
,,
"29/03/2026 4:52 PM","SVWWA-26032900149",,"လက်လီ",,,"1","8,500",,"",,"8,500",
,,
"29/03/2026 10:15 AM","SVWWA-26032900009",,"လက်လီ",,,"1","8,500",,"",,"8,500",
,,

"Item - TP019, TP019 Colgate Total Charcoal Toothpaste ( 150g ) ",,,,,,"Total Qty : 5",,
,,,,,
"29/03/2026 3:13 PM","SVWWA-26032900117",,"လက်လီ",,,"2","17,000",,"",,"34,000",
,,
"29/03/2026 5:19 PM","SVWWA-26032900163",,"လက်လီ",,,"3","17,000",,"",,"51,000",
,,

"Item - TP021, TP021 Colgate Max-Fresh Toothpaste ( 133g ) ",,,,,,"Total Qty : 10",,
,,
"29/03/2026 10:08 AM","SVWWA-26032900004",,"လက်လီ",,,"2","9,500",,"",,"19,000",
,,
"29/03/2026 10:06 AM","SVWWA-26032900002",,"လက်လီ",,,"2","9,500",,"",,"19,000",
,,
"29/03/2026 6:12 PM","SVWWA-26032900180",,"လက်လီ",,,"1","9,500",,"",,"9,500",
,,

"Print Date : 4/2/2026 4:52:58 PM",,,,,"Page 8 of 30",,
"29/03/2026 6:41 PM",,,"SVWWA-26032900188",,"လက်လီ",,,,"3","9,500",,"",,,"28,500",
,,,
"29/03/2026 11:54 AM",,,"SVHH-26032900014",,"လက်လီ",,,,"2","9,500",,"",,,"19,000",
,,,

"Item - TP029, TP029 Darlie Double Action Toothpaste ( 110g ) ",,,,,,,,"Total Qty : 1",,,
,,,,,,,
"29/03/2026 3:01 PM",,,"SVWWA-26032900113",,"လက်လီ",,,,"1","12,000",,"",,,"12,000",
,,,

"Item - TP040, TP040 Gano Toothpaste ( 150g ) ",,,,,,,,"Total Qty : 3",,,
,,,
"29/03/2026 6:29 PM",,,"SVWWA-26032900186",,"လက်လီ",,,,"2","32,500",,"",,,"65,000",
,,,
"29/03/2026 7:01 PM",,,"SVWWA-26032900199",,"လက်လီ",,,,"1","32,500",,"",,,"32,500",
,,,

"Item - TP045, TP045 Sensodyne Toothpaste ( 100g ) ",,,,,,,,"Total Qty : 4",,,
,,,
"29/03/2026 12:43 PM",,,"SVWWA-26032900065",,"လက်လီ",,,,"1","18,500",,"",,,"18,500",
,,,
"29/03/2026 2:09 PM",,,"SVWWA-26032900096",,"လက်လီ",,,,"2","18,500",,"",,,"37,000",
,,,
"29/03/2026 4:55 PM",,,"SVWWA-26032900151",,"လက်လီ",,,,"1","18,500",,"",,,"18,500",
,,,

"Item - TP047, TP047 Sensodyne Toothpaste စိမ်း ၊ ပြာ ( 150g ) ",,,,,,,,"Total Qty : 2",,,
,,,,,,,
"29/03/2026 10:06 AM",,,"SVWWA-26032900002",,"လက်လီ",,,,"2","15,000",,"",,,"30,000",
,,,

"Item - TP051, TP051 Signal Toothpaste ( 150g ) ",,,,,,,,"Total Qty : 24",,,
,,,
"29/03/2026 10:18 AM",,,"SVWWA-26032900011",,"လက်လီ",,,,"24","5,500",,"",,,"132,000",
,,,

"Item - TP086, TP086 Meswak Toothpaste ( 200g ) ",,,,,,,,"Total Qty : 1",,,
,,,
"29/03/2026 10:23 AM",,,"SVHH-26032900003",,"လက်လီ",,,,"1","9,500",,"",,,"9,500",
,,,

"Item - TP091, TP091 2080 Dr.Clinic Pure White Toothpaste ( 110g) ",,,,,,,,"Total Qty : 3",,,
,,,,,,,
"29/03/2026 1:21 PM",,,"SVWWA-26032900080",,"လက်လီ",,,,"1","23,500",,"",,,"23,500",
,,,
"29/03/2026 2:41 PM",,,"SVWWA-26032900105",,"လက်လီ",,,,"1","23,500",,"",,,"23,500",
,,,
"29/03/2026 2:43 PM",,,"SVWWA-26032900106",,"လက်လီ",,,,"1","23,500",,"",,,"23,500",
,,,

"Item - TP105, TP105 Berman Active Tooth Brush ",,,,,,,,"Total Qty : 11",,,
,,,
"29/03/2026 12:09 PM",,,"SVWWA-26032900053",,"လက်လီ",,,,"1","5,000",,"",,,"5,000",
,,,
"29/03/2026 4:05 PM",,,"SVWWA-26032900133",,"လက်လီ",,,,"3","5,000",,"",,,"15,000",
,,,
"29/03/2026 6:12 PM",,,"SVWWA-26032900180",,"လက်လီ",,,,"1","5,000",,"",,,"5,000",
,,,
"29/03/2026 12:47 PM",,,"SVHH-26032900022",,"လက်လီ",,,,"6","5,000",,"",,,"30,000",
,,,

"Item - TP112, TP112 Berman Complete Tooth Brush တွဲ ",,,,,,,,"Total Qty : 3",,,
,,,
"29/03/2026 10:06 AM",,,"SVWWA-26032900002",,"လက်လီ",,,,"2","16,000",,"",,,"32,000",
,,,
"29/03/2026 11:54 AM",,,"SVHH-26032900014",,"လက်လီ",,,,"1","16,000",,"",,,"16,000",
,,,

"Item - TP115, TP115 Berman Option Tooth Brush ",,,,,,,,"Total Qty : 4",,,
,,,
"29/03/2026 12:09 PM",,,"SVWWA-26032900053",,"လက်လီ",,,,"1","5,000",,"",,,"5,000",
,,,
"29/03/2026 6:12 PM",,,"SVWWA-26032900180",,"လက်လီ",,,,"1","5,000",,"",,,"5,000",
,,,
"29/03/2026 1:21 PM",,,"SVWWA-26032900080",,"လက်လီ",,,,"2","5,000",,"",,,"10,000",
,,,

"Item - TP118, TP118 Watsons Tooth Brush  တွဲ ",,,,,,,,"Total Qty : 5",,,
,,,
"29/03/2026 10:15 AM",,,"SVWWA-26032900009",,"လက်လီ",,,,"1","12,000",,"",,,"12,000",
,,,
"29/03/2026 12:00 PM",,,"SVWWA-26032900049",,"လက်လီ",,,,"1","12,000",,"",,,"12,000",
,,,
"29/03/2026 11:54 AM",,,"SVWWA-26032900046",,"လက်လီ",,,,"1","12,000",,"",,,"12,000",
,,,
"29/03/2026 2:05 PM",,,"SVHH-26032900030",,"လက်လီ",,,,"1","12,000",,"",,,"12,000",
,,,
"29/03/2026 6:12 PM",,,"SVWWA-26032900180",,"လက်လီ",,,,"1","12,000",,"",,,"12,000",
,,,
"",,,,,,,,,,,

"225","3,442,700",,,

"Group",,,"- Canmake",,,,,,,,,,,,,,,,,,,,,""

"Print Date : 4/2/2026 4:52:58 PM",,,,,,,"Page 9 of 30",,,
"Item - 4901008024127, 4901008024127 Canmake Cover & Stretch Concealer UV ",,,,,,,,"Total Qty : 1",,,
,,,,,,,
"29/03/2026 12:36 PM",,,"SVWWA-26032900062",,"လက်လီ",,,,"1","41,800",,"",,,"41,800",
,,,

"Item - 4901008312255, 4901008312255 Canmake Mermaid Skin Gel UV SPF 50 ( 40g ) ",,,,,,,,"Total Qty : 1",,,
,,,,,,,
"29/03/2026 3:58 PM",,,"SVWWA-26032900132",,"လက်လီ",,,,"1","41,800",,"",,,"41,800",
,,,
"",,,,,,,,,,,

"2","83,600",,,

"Group",,,"- Catrice",,,,,,,,,,,,,,,,,,,,,""

"Item - 4059729030542, 4059729030542 Catrice Eye Brow Stylist ",,,,,,,,"Total Qty : 2",,,
,,,,,,,
"29/03/2026 10:46 AM",,,"SVHH-26032900005",,"လက်လီ",,,,"1","23,500",,"",,,"23,500",
,,,
"29/03/2026 5:18 PM",,,"SVHH-26032900058",,"လက်လီ",,,,"1","23,500",,"",,,"23,500",
,,,

"Item - 4059729246226, 4059729246226 Catrice Brush Ink Tatoo Liner ",,,,,,,,"Total Qty : 1",,,
,,,,,,,
"29/03/2026 1:55 PM",,,"SVWWA-26032900088",,"လက်လီ",,,,"1","43,000",,"",,,"43,000",
,,,

"Item - 4059729376916, 4059729376916 Catrice Air Blush  Glow ",,,,,,,,"Total Qty : 1",,,
,,,,,,,
"29/03/2026 1:49 PM",,,"SVHH-26032900029",,"လက်လီ",,,,"1","36,500",,"",,,"36,500",
,,,

"Item - 4059729393487, 4059729393487 Catrice All In One Brow Perfector ",,,,,,,,"Total Qty : 2",,,
,,,,,,,
"29/03/2026 1:49 PM",,,"SVHH-26032900029",,"လက်လီ",,,,"1","39,900",,"",,,"39,900",
,,,
"29/03/2026 4:22 PM",,,"SVWWA-26032900140",,"လက်လီ",,,,"1","39,900",,"",,,"39,900",
,,,

"Item - 4250587768367, 4250587768367 Catrice Eyebrow Stylist WP ",,,,,,,,"Total Qty : 1",,,
,,,,,,,
"29/03/2026 2:05 PM",,,"SVWWA-26032900092",,"လက်လီ",,,,"1","23,500",,"",,,"23,500",
,,,

"Item - 4251232255751, 4251232255751 Catrice Color Eyeshadow ",,,,,,,,"Total Qty : 1",,,
,,,,,,,
"29/03/2026 3:18 PM",,,"SVWWA-26032900119",,"လက်လီ",,,,"1","21,000",,"",,,"21,000",
,,,

"Item - 4251232284348, 4251232284348 Catrice All Matt Plus Shine Control Powder ",,,,,,,,"Total Qty : 1",,,
,,,,,,,
"29/03/2026 3:18 PM",,,"SVWWA-26032900119",,"လက်လီ",,,,"1","35,500",,"",,,"35,500",
,,,
"",,,,,,,,,,,

"9","286,300",,,

"Group",,,"- Coolors",,,,,,,,,,,,,,,,,,,,,""

"Item - 3701365712481, 3701365712481 Coolors Note Matte Moist Lipstick ",,,,,,,,"Total Qty : 1",,,
,,,,,,,
"29/03/2026 6:43 PM",,,"SVWWA-26032900190",,"လက်လီ",,,,"1","42,800",,"",,,"42,800",
,,,

"Item - 3701365768174, 3701365768174 Coolors Note Flawless Lip Stick ",,,,,,,,"Total Qty : 1",,,
,,,,,,,
"29/03/2026 3:27 PM",,,"SVWWA-26032900122",,"လက်လီ",,,,"1","25,300",,"",,,"25,300",
,,,

"Item - 8809414192897, 8809414192897 Coolors Bergamo Vita Shine Dark Spot Eye Cream ( 50g ) ",,,,,,,,"Total Qty : 1",,,
,,,,,,,
"29/03/2026 10:21 AM",,,"SVWWA-26032900015",,"လက်လီ",,,,"1","92,500",,"",,,"92,500",
,,,

"Item - 8809414192989, 8809414192989 Coolors Bergamo Carrot Vita Cream ( 50g ) ",,,,,,,,"Total Qty : 2",,,
,,,,,,,
"29/03/2026 11:18 AM",,,"SVWWA-26032900032",,"လက်လီ",,,,"2","56,500",,"",,,"113,000",
,,,

"Print Date : 4/2/2026 4:52:58 PM",,,,,,,"Page 10 of 30",,,
"",,,,,,,,,,,

"5","273,600",,,

"Group",,,"- Coreana",,,,,,,,,,,,,,,,,,,,,""

"Item - 8809625242749, 8809625242749 Coreana Rom&nd Juicy Lasting Tint ",,,,,,,,"Total Qty : 1",,,
,,,,,,,
"29/03/2026 6:03 PM",,,"SVWWA-26032900177",,"လက်လီ",,,,"1","32,000",,"10.00%",,,"28,800",
,,,

"Item - 8809625244460, 8809625244460 Coreana Rom&nd Blur Fudge Tint ",,,,,,,,"Total Qty : 1",,,
,,,,,,,
"29/03/2026 5:19 PM",,,"SVWWA-26032900162",,"လက်လီ",,,,"1","32,000",,"10.00%",,,"28,800",
,,,

"Item - 8809759902908, 8809759902908 Coreana B. By Banila Prime Primer ( 30ml ) ",,,,,,,,"Total Qty : 1",,,
,,,,,,,
"29/03/2026 4:39 PM",,,"SVWWA-26032900145",,"လက်လီ",,,,"1","58,000",,"15.00%",,,"49,300",
,,,

"Item - 8809759905077, 8809759905077 Coreana B. By Banila Co Power Fit Foundation ( 30ml ) ",,,,,,,,"Total Qty : 2",,,
,,,,,,,
"29/03/2026 4:39 PM",,,"SVWWA-26032900145",,"လက်လီ",,,,"1","87,000",,"15.00%",,,"73,950",
,,,
"29/03/2026 5:19 PM",,,"SVWWA-26032900162",,"လက်လီ",,,,"1","87,000",,"15.00%",,,"73,950",
,,,
"",,,,,,,,,,,

"5","254,800",,,

"Group",,,"- Dabo",,,,,,,,,,,,,,,,,,,,,""

"Item - 8809351953643, 8809351953643 Dabo Aqua Holding Emulsiom ( 60ml ) ",,,,,,,,"Total Qty : 2",,,
,,,,,,,
"29/03/2026 1:46 PM",,,"SVHH-26032900028",,"လက်လီ",,,,"1","20,500",,"10.00%",,,"18,450",
,,,
"29/03/2026 1:46 PM",,,"SVWWA-26032900086",,"လက်လီ",,,,"1","20,500",,"10.00%",,,"18,450",
,,,

"Item - DB000004, DB000004 Dabo Moisture Soothing Gel ( 300ml ) ",,,,,,,,"Total Qty : 31",,,
,,,,,,,
"29/03/2026 11:29 AM",,,"SVMTA-26032900001",,"မစုမွန်",,,,"29","22,000",,"20.00%",,,"510,400",
,,,
"29/03/2026 11:29 AM",,,"SVMTA-26032900001",,"မစုမွန်",,,,"1","0",,"FOC",,,"0",
,,,
"29/03/2026 4:59 PM",,,"SVWWA-26032900153",,"လက်လီ",,,,"1","22,000",,"",,,"22,000",
,,,
"",,,,,,,,,,,

"33","569,300",,,

"Group",,,"- Farm Stay",,,,,,,,,,,,,,,,,,,,,""

"Item - 8809317289472, 8809317289472 Farm Stay Collagen Pure Cleansing Foam ( 180ml ) ",,,,,,,,"Total Qty : 1",,,
,,,,,,,
"29/03/2026 12:49 PM",,,"SVHH-26032900023",,"လက်လီ",,,,"1","27,500",,"",,,"27,500",
,,,

"Item - 8809469773690, 8809469773690 Farm Stay Pure Cleansing Foam ( 180ml ) ",,,,,,,,"Total Qty : 1",,,
,,,,,,,
"29/03/2026 12:49 PM",,,"SVHH-26032900023",,"လက်လီ",,,,"1","27,500",,"",,,"27,500",
,,,

"Item - 8809506730112, 8809506730112 Farm Stay Collagen Day Cream ( 27g ) ",,,,,,,,"Total Qty : 1",,,
,,,,,,,
"29/03/2026 3:44 PM",,,"SVWWA-26032900127",,"လက်လီ",,,,"1","11,000",,"",,,"11,000",
,,,

"Item - 8809506730518, 8809506730518 Farm Stay Aqua Active Essence ( 27g ) ",,,,,,,,"Total Qty : 1",,,
,,,,,,,
"29/03/2026 3:44 PM",,,"SVWWA-26032900127",,"လက်လီ",,,,"1","11,000",,"",,,"11,000",
,,,
"",,,,,,,,,,,

"4","77,000",,,

"Group",,,"- Fat-loss products",,,,,,,,,,,,,,,,,,,,,""

"Item - AC124, AC124 Fitne အဆီချ Coffee 10 - ထုပ်ပါ အစုံ ( အလွတ် ) ",,,,,,,,"Total Qty : 1",,,
,,,,,,,
"29/03/2026 2:07 PM",,,"SVWWA-26032900094",,"လက်လီ",,,,"1","21,000",,"",,,"21,000",
,,,

"Print Date : 4/2/2026 4:52:58 PM",,,,,,,"Page 11 of 30",,,
"",,,,,,,,,,,

"1","21,000",,,

"Group",,,"- For The Skin",,,,,,,,,,,,,,,,,,,,,""

"Item - 8809598150218, 8809598150218 For The Skin EGF-PEPTIDE Ampoule Serum ( 70ml ) ",,,,,,,,"Total Qty : 1",,,
,,,,,,,
"29/03/2026 4:47 PM",,,"SVWWA-26032900146",,"လက်လီ",,,,"1","62,400",,"",,,"62,400",
,,,

"Item - 8809598150300, 8809598150300 For The Skin Real Vegifarm Double Shot Mask ",,,,,,,,"Total Qty : 1",,,
,,,,,,,
"29/03/2026 5:17 PM",,,"SVWWA-26032900161",,"လက်လီ",,,,"1","3,900",,"",,,"3,900",
,,,

"Item - 8809598150652, 8809598150652 For The Skin Real Vegifarm Cleansing Water ( 260ml ) ",,,,,,,,"Total Qty : 1",,,
,,,,,,,
"29/03/2026 4:31 PM",,,"SVWWA-26032900143",,"လက်လီ",,,,"1","46,800",,"70.00%",,,"14,040",
,,,

"Item - 8858851440887, 8858851440887 For The Skin Rojukiss Sun Serum SPF 50 ( 7ml ) ",,,,,,,,"Total Qty : 2",,,
,,,,,,,
"29/03/2026 2:06 PM",,,"SVWWA-26032900093",,"လက်လီ",,,,"2","8,400",,"",,,"16,800",
,,,

"Item - 8858851442928, 8858851442928 For The Skin Sis 2 Sis Stay Stain Glossy ",,,,,,,,"Total Qty : 2",,,
,,,,,,,
"29/03/2026 3:33 PM",,,"SVWWA-26032900125",,"လက်လီ",,,,"2","6,900",,"",,,"13,800",
,,,

"Item - 8859762800951, 8859762800951 For The Skin For The Face Cushion ( 12g ) ",,,,,,,,"Total Qty : 1",,,
,,,,,,,
"29/03/2026 3:33 PM",,,"SVWWA-26032900125",,"လက်လီ",,,,"1","29,500",,"70.00%",,,"8,850",
,,,
"",,,,,,,,,,,

"8","119,790",,,

"Group",,,"- Garnier",,,,,,,,,,,,,,,,,,,,,""

"Item - GA024, GA024 Garnier Sakura Foam ( 100ml ) ",,,,,,,,"Total Qty : 1",,,
,,,
"29/03/2026 4:34 PM",,,"SVHH-26032900054",,"လက်လီ",,,,"1","14,500",,"",,,"14,500",
,,,

"Item - GA043, GA043 Garnier Men Facial Foam ( 100ml ) အစုံ ",,,,,,,,"Total Qty : 2",,,
,,,,,,,
"29/03/2026 1:25 PM",,,"SVWWA-26032900082",,"လက်လီ",,,,"1","18,000",,"",,,"18,000",
,,,
"29/03/2026 4:34 PM",,,"SVHH-26032900054",,"လက်လီ",,,,"1","18,000",,"",,,"18,000",
,,,

"Item - GA050, GA050 Garnier Serum ( 7ml ) အထုပ် ",,,,,,,,"Total Qty : 1",,,
,,,
"29/03/2026 11:21 AM",,,"SVWWA-26032900034",,"လက်လီ",,,,"1","2,800",,"",,,"2,800",
,,,
"",,,,,,,,,,,

"4","53,300",,,

"Group",,,"- Hair Care",,,,,,,,,,,,,,,,,,,,,""

"Item - HC010, HC010 Caring Hair Spray ( 220ml ) ",,,,,,,,"Total Qty : 15",,,
,,,
"29/03/2026 3:04 PM",,,"SVTNM-26032900001",,"ကိုနိုင်",,,,"12","24,500",,"",,,"294,000",
,,,
"29/03/2026 10:20 AM",,,"SVWWA-26032900013",,"လက်လီ",,,,"3","25,500",,"",,,"76,500",
,,,

"Item - HC061, HC061 Go Hair Silky Seaweed Hair Nourishing Cream ( 250ml ) ",,,,,,,,"Total Qty : 1",,,
,,,,,,,
"29/03/2026 5:31 PM",,,"SVWWA-26032900166",,"လက်လီ",,,,"1","27,000",,"",,,"27,000",
,,,

"Item - HC069, HC069 Kaminomoto Gozzy Hair Tonic ( 150ml ) ",,,,,,,,"Total Qty : 1",,,
,,,,,,,
"29/03/2026 5:24 PM",,,"SVWWA-26032900164",,"လက်လီ",,,,"1","70,000",,"",,,"70,000",
,,,

"Item - HC087, HC087 La Espanola Olive Oil ( 150ml )  နီ သံဗူး ",,,,,,,,"Total Qty : 2",,,
,,,,,,,
"29/03/2026 10:06 AM",,,"SVWWA-26032900002",,"လက်လီ",,,,"1","18,500",,"",,,"18,500",
,,,
"29/03/2026 3:45 PM",,,"SVWWA-26032900128",,"လက်လီ",,,,"1","18,500",,"",,,"18,500",
,,,

"Print Date : 4/2/2026 4:52:58 PM",,,,,,,"Page 12 of 30",,,
"Item - HC101, HC101 Loreal Excellence Cream Hair Color ",,,,,,"Total Qty : 2",,
,,
"29/03/2026 11:33 AM","SVWWA-26032900038",,"လက်လီ",,,"1","38,000",,"",,"38,000",
,,
"29/03/2026 3:45 PM","SVWWA-26032900128",,"လက်လီ",,,"1","38,000",,"",,"38,000",
,,

"Item - HC104, HC104 Revlon Colorsilk Hair Color ( Company ) ",,,,,,"Total Qty : 6",,
,,,,,
"29/03/2026 11:46 AM","SVWWA-26032900044",,"လက်လီ",,,"2","25,000",,"",,"50,000",
,,
"29/03/2026 10:38 AM","SVWWA-26032900022",,"လက်လီ",,,"1","25,000",,"",,"25,000",
,,
"29/03/2026 4:35 PM","SVWWA-26032900144",,"လက်လီ",,,"3","25,000",,"",,"75,000",
,,

"Item - HC105, HC105 Revlon Colorstay Longwear Cream Colour ",,,,,,"Total Qty : 3",,
,,,,,
"29/03/2026 10:20 AM","SVWWA-26032900014",,"လက်လီ",,,"1","39,000",,"",,"39,000",
,,
"29/03/2026 2:29 PM","SVWWA-26032900099",,"လက်လီ",,,"2","39,000",,"",,"78,000",
,,

"Item - HC108, HC108 7.8 Hair Color ",,,,,,"Total Qty : 7",,
,,
"29/03/2026 11:46 AM","SVWWA-26032900044",,"လက်လီ",,,"2","25,000",,"",,"50,000",
,,
"29/03/2026 5:01 PM","SVWWA-26032900155",,"လက်လီ",,,"1","25,000",,"",,"25,000",
,,
"29/03/2026 12:43 PM","SVWWA-26032900065",,"လက်လီ",,,"1","25,000",,"",,"25,000",
,,
"29/03/2026 1:13 PM","SVHH-26032900026",,"လက်လီ",,,"1","25,000",,"",,"25,000",
,,
"29/03/2026 5:21 PM","SVHH-26032900062",,"လက်လီ",,,"2","25,000",,"",,"50,000",
,,

"Item - HC130, HC130 LS Lesasha Hair Color Shampoo ထုပ် ",,,,,,"Total Qty : 4",,
,,
"29/03/2026 5:44 PM","SVHH-26032900064",,"လက်လီ",,,"4","7,500",,"",,"30,000",
,,

"Item - HC148, HC148 N9 Treatment ( 500ml ) ",,,,,,"Total Qty : 1",,
,,
"29/03/2026 4:26 PM","SVWWA-26032900142",,"လက်လီ",,,"1","33,800",,"",,"33,800",
,,

"Item - HC149, HC149 N9 Treatment ( 1000ml ) ",,,,,,"Total Qty : 1",,
,,
"29/03/2026 11:21 AM","SVWWA-26032900034",,"လက်လီ",,,"1","47,000",,"",,"47,000",
,,

"Item - HC171, HC171 Kerastase Chronologiste Hair Masque ( 200ml ) ",,,,,,"Total Qty : 1",,
,,,,,
"29/03/2026 5:24 PM","SVWWA-26032900164",,"လက်လီ",,,"1","197,000",,"",,"197,000",
,,

"Item - HC172, HC172 Kracie Ichikami Hair Treatment ( 200g ) ",,,,,,"Total Qty : 1",,
,,,,,
"29/03/2026 1:12 PM","SVWWA-26032900076",,"လက်လီ",,,"1","43,000",,"",,"43,000",
,,

"Item - HC182, HC182 Shiseido Tsubaki Treatment ( 180g  ) ရွှေရောင် ",,,,,,"Total Qty : 3",,
,,,,,
"29/03/2026 2:09 PM","SVWWA-26032900096",,"လက်လီ",,,"3","45,000",,"",,"135,000",
,,

"Item - HC227, HC227 Dr.In Flower Essence ( 60ml ) ရွှေ ",,,,,,"Total Qty : 1",,
,,
"29/03/2026 12:27 PM","SVWWA-26032900056",,"လက်လီ",,,"1","19,800",,"",,"19,800",
,,

"Item - HC236, HC236 Gold Capsule ( ကော်ဗူး ) 50-ပါ ",,,,,,"Total Qty : 1",,
,,
"29/03/2026 10:06 AM","SVWWA-26032900002",,"လက်လီ",,,"1","28,000",,"",,"28,000",
,,

"Item - HC237, HC237 Gold Capsule ( အထုပ် ) 30- ပါ ",,,,,,"Total Qty : 1",,
,,
"29/03/2026 5:09 PM","SVWWA-26032900159",,"လက်လီ",,,"1","13,500",,"",,"13,500",
,,

"Item - HC250, HC250 Loreal Elseve Extraordinary Oil ( 100ml ) ",,,,,,"Total Qty : 2",,
,,,,,
"29/03/2026 11:54 AM","SVHH-26032900014",,"လက်လီ",,,"1","48,000",,"",,"48,000",
,,
"29/03/2026 11:36 AM","SVWWA-26032900040",,"လက်လီ",,,"1","48,000",,"",,"48,000",
,,

"Item - HC263, HC263 N9 Hair Coat ( 80ml ) ",,,,,,"Total Qty : 1",,
,,
"29/03/2026 10:12 AM","SVWWA-26032900007",,"လက်လီ",,,"1","21,500",,"",,"21,500",
,,

"Print Date : 4/2/2026 4:52:58 PM",,,,,"Page 13 of 30",,
"Item - HC264, HC264 N9 One Minute Hair Coat ( 128ml ) ",,,,,,"Total Qty : 1",,
,,
"29/03/2026 3:20 PM","SVWWA-26032900121",,"လက်လီ",,,"1","27,500",,"",,"27,500",
,,

"Item - HC283, HC283 Silk n Shine Coat ( 50ml ) ",,,,,,"Total Qty : 9",,
,,
"29/03/2026 1:12 PM","SVWWA-26032900076",,"လက်လီ",,,"2","16,500",,"",,"33,000",
,,
"29/03/2026 3:55 PM","SVWWA-26032900130",,"လက်လီ",,,"1","16,500",,"",,"16,500",
,,
"29/03/2026 3:56 PM","SVHH-26032900052",,"လက်လီ",,,"5","16,500",,"",,"82,500",
,,
"29/03/2026 4:24 PM","SVWWA-26032900141",,"လက်လီ",,,"1","16,500",,"",,"16,500",
,,

"Item - HC291, HC291 Eushido Hair Coat ( 130ml ) ",,,,,,"Total Qty : 1",,
,,
"29/03/2026 6:18 PM","SVWWA-26032900181",,"လက်လီ",,,"1","32,800",,"",,"32,800",
,,

"Item - LL016, LL016 Lolane Jo Jo  Treatment ( 500g ) ",,,,,,"Total Qty : 5",,
,,
"29/03/2026 12:39 PM","SVWWA-26032900064",,"လက်လီ",,,"1","31,000",,"",,"31,000",
,,
"29/03/2026 12:47 PM","SVHH-26032900022",,"လက်လီ",,,"4","31,000",,"",,"124,000",
,,

"Item - LL022, LL022 Lolane ဆိုးဆေး M1 , M2 ",,,,,,"Total Qty : 3",,
,,
"29/03/2026 10:50 AM","SVHH-26032900007",,"လက်လီ",,,"2","10,000",,"",,"20,000",
,,
"29/03/2026 3:14 PM","SVHH-26032900044",,"လက်လီ",,,"1","10,000",,"",,"10,000",
,,

"Item - LL023, LL023 Lolane ဆိုးဆေး M4 ",,,,,,"Total Qty : 1",,
,,
"29/03/2026 3:56 PM","SVWWA-26032900131",,"လက်လီ",,,"1","11,000",,"",,"11,000",
,,

"Item - LL024, LL024 Lolane ဆိုးဆေး M4 ( New ) ",,,,,,"Total Qty : 1",,
,,
"29/03/2026 6:55 PM","SVWWA-26032900197",,"လက်လီ",,,"1","8,500",,"",,"8,500",
,,

"Item - SP006, SP006 Beauty Clinic Nourishing Shampoo ( 500ml+250ml ) ",,,,,,"Total Qty : 1",,
,,,,,
"29/03/2026 4:26 PM","SVWWA-26032900142",,"လက်လီ",,,"1","24,500",,"",,"24,500",
,,

"Item - SP020, SP020 Cynos Blondie Shampoo ( 280ml ) ",,,,,,"Total Qty : 2",,
,,
"29/03/2026 10:53 AM","SVHH-26032900009",,"လက်လီ",,,"2","30,000",,"",,"60,000",
,,

"Item - SP023, SP023 Clear Shampoo ( 400ml , 370ml , 390ml ) ",,,,,,"Total Qty : 1",,
,,,,,
"29/03/2026 10:53 AM","SVHH-26032900009",,"လက်လီ",,,"1","16,500",,"",,"16,500",
,,

"Item - SP040, SP040 Dr. In Conditioner ( 500ml ) ",,,,,,"Total Qty : 1",,
,,
"29/03/2026 10:22 AM","SVWWA-26032900017",,"လက်လီ",,,"1","30,000",,"",,"30,000",
,,

"Item - SP041, SP041 Dr. In Shampoo ( 500ml ) ",,,,,,"Total Qty : 1",,
,,
"29/03/2026 10:51 AM","SVWWA-26032900026",,"လက်လီ",,,"1","30,000",,"",,"30,000",
,,

"Item - SP066, SP066 Giffarine Relive Shampoo ( 200ml ) B-280 ",,,,,,"Total Qty : 1",,
,,,,,
"29/03/2026 4:24 PM","SVWWA-26032900141",,"လက်လီ",,,"1","23,000",,"",,"23,000",
,,

"Item - SP096, SP096 Loreal Shampoo ( 410ml ) အစုံ ",,,,,,"Total Qty : 3",,
,,
"29/03/2026 10:38 AM","SVWWA-26032900022",,"လက်လီ",,,"1","20,000",,"",,"20,000",
,,
"29/03/2026 3:34 PM","SVHH-26032900048",,"လက်လီ",,,"1","20,000",,"",,"20,000",
,,
"29/03/2026 10:49 AM","SVWWA-26032900025",,"လက်လီ",,,"1","20,000",,"",,"20,000",
,,

"Item - SP125, SP125 N9 Shampoo ( 500ml ) ",,,,,,"Total Qty : 1",,
,,
"29/03/2026 6:42 PM","SVHH-26032900072",,"လက်လီ",,,"1","30,500",,"",,"30,500",
,,

"Item - SP128, SP128 OGX  Shampoo ( 385ml ) ",,,,,,"Total Qty : 3",,
,,
"29/03/2026 4:22 PM","SVWWA-26032900139",,"လက်လီ",,,"1","33,000",,"",,"33,000",
,,
"29/03/2026 2:09 PM","SVWWA-26032900096",,"လက်လီ",,,"1","33,000",,"",,"33,000",
,,
"29/03/2026 3:19 PM","SVWWA-26032900120",,"လက်လီ",,,"1","33,000",,"",,"33,000",
,,

"Print Date : 4/2/2026 4:52:58 PM",,,,,"Page 14 of 30",,
"Item - SP134, SP134 Pantene Shampoo ( 380ml ) ",,,,,,,,"Total Qty : 1",,,
,,,
"29/03/2026 2:54 PM",,,"SVHH-26032900042",,"လက်လီ",,,,"1","20,000",,"",,,"20,000",
,,,

"Item - SP176, SP176 Sunsilk Shampoo ( 350ml ) ",,,,,,,,"Total Qty : 1",,,
,,,
"29/03/2026 5:27 PM",,,"SVHH-26032900063",,"လက်လီ",,,,"1","17,000",,"",,,"17,000",
,,,

"Item - SP191, SP191 Tresemme Shampoo ( 380ml ) ",,,,,,,,"Total Qty : 3",,,
,,,
"29/03/2026 5:56 PM",,,"SVWWA-26032900174",,"လက်လီ",,,,"2","21,000",,"",,,"42,000",
,,,
"29/03/2026 10:22 AM",,,"SVWWA-26032900017",,"လက်လီ",,,,"1","21,000",,"",,,"21,000",
,,,

"Item - SP196, SP196 Wella Invigo Shampoo ( 1000ml ) ",,,,,,,,"Total Qty : 1",,,
,,,
"29/03/2026 6:18 PM",,,"SVWWA-26032900181",,"လက်လီ",,,,"1","150,000",,"",,,"150,000",
,,,

"Item - SP200, SP200 Yesi Spa Shampoo ( 750ml ) ",,,,,,,,"Total Qty : 4",,,
,,,
"29/03/2026 2:43 PM",,,"SVWWA-26032900106",,"လက်လီ",,,,"1","50,000",,"",,,"50,000",
,,,
"29/03/2026 11:54 AM",,,"SVWWA-26032900046",,"လက်လီ",,,,"1","50,000",,"",,,"50,000",
,,,
"29/03/2026 4:22 PM",,,"SVWWA-26032900139",,"လက်လီ",,,,"1","50,000",,"",,,"50,000",
,,,
"29/03/2026 1:38 PM",,,"SVWWA-26032900085",,"လက်လီ",,,,"1","50,000",,"",,,"50,000",
,,,

"Item - SP201, SP201 Yesi Spa Conditioner  ( 750ml ) ",,,,,,,,"Total Qty : 4",,,
,,,
"29/03/2026 4:22 PM",,,"SVWWA-26032900139",,"လက်လီ",,,,"1","48,500",,"",,,"48,500",
,,,
"29/03/2026 1:38 PM",,,"SVWWA-26032900085",,"လက်လီ",,,,"1","48,500",,"",,,"48,500",
,,,
"29/03/2026 11:54 AM",,,"SVWWA-26032900046",,"လက်လီ",,,,"2","48,500",,"",,,"97,000",
,,,

"Item - SP231, SP231 Shiseido Fino Shampoo ( 550ml ) ",,,,,,,,"Total Qty : 2",,,
,,,
"29/03/2026 1:12 PM",,,"SVWWA-26032900076",,"လက်လီ",,,,"1","45,000",,"",,,"45,000",
,,,
"29/03/2026 11:21 AM",,,"SVWWA-26032900034",,"လက်လီ",,,,"1","45,000",,"",,,"45,000",
,,,
"",,,,,,,,,,,

"105","3,207,900",,,

"Group",,,"- Holika",,,,,,,,,,,,,,,,,,,,,""

"Item - 6943216570933, 6943216570933 Holika 11 in One Hair Treatment ( 250ml ) ",,,,,,,,"Total Qty : 4",,,
,,,,,,,
"29/03/2026 4:17 PM",,,"SVWWA-26032900137",,"လက်လီ",,,,"1","35,800",,"",,,"35,800",
,,,
"29/03/2026 10:44 AM",,,"SVWWA-26032900023",,"လက်လီ",,,,"2","35,800",,"",,,"71,600",
,,,
"29/03/2026 4:14 PM",,,"SVWWA-26032900136",,"လက်လီ",,,,"1","35,800",,"",,,"35,800",
,,,

"Item - 8806334357689, 8806334357689 Holika Daily Garden Deep Foam ( 120ml ) ",,,,,,,,"Total Qty : 6",,,
,,,,,,,
"29/03/2026 2:27 PM",,,"SVMTA-26032900008",,"ဦးကျော်ဇံ",,,,"6","26,600",,"",,,"159,600",
,,,

"Item - 8806334358495, 8806334358495 Holika Black Snail Repair Foam ( 100ml ) ",,,,,,,,"Total Qty : 1",,,
,,,,,,,
"29/03/2026 2:27 PM",,,"SVMTA-26032900008",,"ဦးကျော်ဇံ",,,,"1","0",,"FOC",,,"0",
,,,

"Item - 8806334368364, 8806334368364 Holika Enprani Premier Collagen Emulsion ( 125ml ) ",,,,,,,,"Total Qty : 1",,,
,,,,,,,
"29/03/2026 12:00 PM",,,"SVWWA-26032900049",,"လက်လီ",,,,"1","106,000",,"",,,"106,000",
,,,

"Item - 8806334377359, 8806334377359 Holika Aloe Soothing Gel ( 250ml ) ",,,,,,,,"Total Qty : 1",,,
,,,,,,,
"29/03/2026 6:11 PM",,,"SVWWA-26032900179",,"လက်လီ",,,,"1","42,000",,"",,,"42,000",
,,,

"Item - 8809181932313, 8809181932313 Holika Perfect Shining Color ",,,,,,,,"Total Qty : 2",,,
,,,,,,,
"29/03/2026 4:14 PM",,,"SVWWA-26032900136",,"လက်လီ",,,,"2","35,000",,"",,,"70,000",
,,,

"Print Date : 4/2/2026 4:52:58 PM",,,,,,,"Page 15 of 30",,,
"Item - 8809317119236, 8809317119236 Holika La Pureve Sun Block SPF 50 ( 70ml ) ",,,,,,,,"Total Qty : 1",,,
,,,,,,,
"29/03/2026 5:01 PM",,,"SVWWA-26032900156",,"လက်လီ",,,,"1","59,000",,"",,,"59,000",
,,,

"Item - 8809651743814, 8809651743814 Holika Tibena Eye serum ( 20ml ) ",,,,,,,,"Total Qty : 2",,,
,,,,,,,
"29/03/2026 10:44 AM",,,"SVWWA-26032900023",,"လက်လီ",,,,"2","59,000",,"",,,"118,000",
,,,

"Item - HH000004, HH000004 Holika Feelre Korea Escargot Emulsion ( 30ml ) ",,,,,,,,"Total Qty : 1",,,
,,,,,,,
"29/03/2026 2:34 PM",,,"SVWWA-26032900101",,"လက်လီ",,,,"1","18,900",,"",,,"18,900",
,,,

"Item - HH000005, HH000005 Holika Feelre Korea Escargot Toner ( 30ml ) ",,,,,,,,"Total Qty : 1",,,
,,,,,,,
"29/03/2026 2:34 PM",,,"SVWWA-26032900101",,"လက်လီ",,,,"1","18,900",,"",,,"18,900",
,,,
"",,,,,,,,,,,

"20","735,600",,,

"Group",,,"- Jejudo",,,,,,,,,,,,,,,,,,,,,""

"Item - 8809409854366, 8809409854366 Jejudo Leaves Natural Essence Mask Sheet ",,,,,,,,"Total Qty : 5",,,
,,,,,,,
"29/03/2026 10:48 AM",,,"SVWWA-26032900024",,"လက်လီ",,,,"5","6,500",,"",,,"32,500",
,,,

"Item - 8859737702297, 8859737702297 Jejudo Water Drop Cream ( 15ml ) ",,,,,,,,"Total Qty : 1",,,
,,,,,,,
"29/03/2026 10:50 AM",,,"SVHH-26032900006",,"လက်လီ",,,,"1","30,000",,"",,,"30,000",
,,,

"Item - VO000011, VO000011 Jejudo BB Sun Block ( 30ml ) ",,,,,,,,"Total Qty : 1",,,
,,,
"29/03/2026 2:44 PM",,,"SVHH-26032900037",,"လက်လီ",,,,"1","44,500",,"",,,"44,500",
,,,
"",,,,,,,,,,,

"7","107,000",,,

"Group",,,"- Kanebo",,,,,,,,,,,,,,,,,,,,,""

"Item - 4973167012673, 4973167012673 Kanebo F2 Kate Popping Siluoutte Shadow ( New ) ",,,,,,,,"Total Qty : 1",,,
,,,,,,,
"29/03/2026 6:20 PM",,,"SVWWA-26032900182",,"လက်လီ",,,,"1","80,000",,"",,,"80,000",
,,,

"Item - 4973167095010, 4973167095010 Kanebo F1 Melty Feel Wear ( 11g ) ",,,,,,,,"Total Qty : 1",,,
,,,,,,,
"29/03/2026 4:22 PM",,,"SVWWA-26032900140",,"လက်လီ",,,,"1","180,000",,"",,,"180,000",
,,,

"Item - 4973167126998, 4973167126998 Kanebo F2 Freshel White Lotion Light ( 200ml ) ",,,,,,,,"Total Qty : 2",,,
,,,,,,,
"29/03/2026 11:57 AM",,,"SVWWA-26032900047",,"လက်လီ",,,,"2","70,000",,"",,,"140,000",
,,,

"Item - 4973167529263, 4973167529263 Kanebo F2 Kate Cool & Cover BB Cream ( 30g ) ",,,,,,,,"Total Qty : 1",,,
,,,,,,,
"29/03/2026 12:33 PM",,,"SVWWA-26032900060",,"လက်လီ",,,,"1","71,000",,"",,,"71,000",
,,,

"Item - 4973167534540, 4973167534540 Kanebo F2 Kate Super Sharp Liner EX4.0 BK-1 ",,,,,,,,"Total Qty : 1",,,
,,,,,,,
"29/03/2026 6:20 PM",,,"SVWWA-26032900182",,"လက်လီ",,,,"1","53,000",,"",,,"53,000",
,,,

"Item - 4973167662472, 4973167662472 Kanebo F1 Global Skin Protector ( 60g ) ",,,,,,,,"Total Qty : 1",,,
,,,,,,,
"29/03/2026 11:30 AM",,,"SVWWA-26032900036",,"လက်လီ",,,,"1","255,000",,"",,,"255,000",
,,,

"Item - 4973167820179, 4973167820179 Kanebo F2 Kate Lip Monster ",,,,,,,,"Total Qty : 1",,,
,,,,,,,
"29/03/2026 11:57 AM",,,"SVWWA-26032900047",,"လက်လီ",,,,"1","56,000",,"",,,"56,000",
,,,

"Print Date : 4/2/2026 4:52:58 PM",,,,,,,"Page 16 of 30",,,
"Item - 4973167937785, 4973167937785 Kanebo F2 Media Cream Foundation ",,,,,,,,"Total Qty : 2",,,
,,,,,,,
"29/03/2026 5:50 PM",,,"SVWWA-26032900170",,"လက်လီ",,,,"1","68,000",,"",,,"68,000",
,,,
"29/03/2026 11:57 AM",,,"SVHH-26032900015",,"လက်လီ",,,,"1","68,000",,"",,,"68,000",
,,,
"",,,,,,,,,,,

"10","971,000",,,

"Group",,,"- Kiss Me",,,,,,,,,,,,,,,,,,,,,""

"Item - 4901433036948, 4901433036948 Kiss Me Smooth Liquid Eye Liner Super Water Proof ",,,,,,,,"Total Qty : 1",,,
,,,,,,,
"29/03/2026 1:11 PM",,,"SVWWA-26032900075",,"လက်လီ",,,,"1","45,900",,"",,,"45,900",
,,,

"Item - 4901433038126, 4901433038126 Kiss Me Prime Liquid Eyeliner Rich Keep ",,,,,,,,"Total Qty : 1",,,
,,,,,,,
"29/03/2026 12:35 PM",,,"SVWWA-26032900061",,"လက်လီ",,,,"1","52,500",,"",,,"52,500",
,,,

"Item - 4901433038492, 4901433038492 Kiss Me Super Water Proof Mascara ",,,,,,,,"Total Qty : 2",,,
,,,,,,,
"29/03/2026 2:34 PM",,,"SVHH-26032900032",,"လက်လီ",,,,"1","52,500",,"",,,"52,500",
,,,
"29/03/2026 6:20 PM",,,"SVWWA-26032900182",,"လက်လီ",,,,"1","52,500",,"",,,"52,500",
,,,
"",,,,,,,,,,,

"4","203,400",,,

"Group",,,"- KMA",,,,,,,,,,,,,,,,,,,,,""

"Item - 8852525012592, 8852525012592 KMA Perfect Smooth Powder ",,,,,,,,"Total Qty : 20",,,
,,,,,,,
"29/03/2026 2:28 PM",,,"SVMTA-26032900009",,"ဦးရီသောင်း",,,,"20","60,900",,"",,,"1,218,000",
,,,
"",,,,,,,,,,,

"20","1,218,000",,,

"Group",,,"- Kose",,,,,,,,,,,,,,,,,,,,,""

"Item - 4971710448450, 4971710448450 Kose Fasio Slim Eyebrow Pencil ",,,,,,,,"Total Qty : 1",,,
,,,,,,,
"29/03/2026 2:34 PM",,,"SVHH-26032900033",,"လက်လီ",,,,"1","29,480",,"",,,"29,480",
,,,
"",,,,,,,,,,,

"1","29,480",,,

"Group",,,"- Kracie",,,,,,,,,,,,,,,,,,,,,""

"Item - NA093, NA093 Kracie Moistage Essence Milk (160ml ) ",,,,,,,,"Total Qty : 2",,,
,,,
"29/03/2026 12:00 PM",,,"SVWWA-26032900049",,"လက်လီ",,,,"2","39,500",,"10.00%",,,"71,100",
,,,
"",,,,,,,,,,,

"2","71,100",,,

"Group",,,"- LIFE",,,,,,,,,,,,,,,,,,,,,""

"Item - 6926214806099, 6926214806099 Life Eyebrow Pencil ",,,,,,,,"Total Qty : 2",,,
,,,
"29/03/2026 6:02 PM",,,"SVWWA-26032900176",,"လက်လီ",,,,"1","17,500",,"",,,"17,500",
,,,
"29/03/2026 6:20 PM",,,"SVWWA-26032900182",,"လက်လီ",,,,"1","17,500",,"",,,"17,500",
,,,
"",,,,,,,,,,,

"2","35,000",,,

"Group",,,"- Loreal",,,,,,,,,,,,,,,,,,,,,""

"Item - 8850434174158, 8850434174158 Loreal Revitalift Day Cream ( 7ml ) ",,,,,,,,"Total Qty : 96",,,
,,,,,,,
"29/03/2026 1:56 PM",,,"SVMTA-26032900002",,"ကိုရခိုင်",,,,"84","6,000",,"",,,"504,000",
,,,
"29/03/2026 2:21 PM",,,"SVMTA-26032900007",,"ဦးကျော်ဇံ",,,,"12","6,000",,"",,,"72,000",
,,,

"Print Date : 4/2/2026 4:52:58 PM",,,,,,,"Page 17 of 30",,,
"Item - 8850434239765, 8850434239765 Loreal Glycolic Bright Serum ( 6ml ) ",,,,,,,,"Total Qty : 24",,,
,,,,,,,
"29/03/2026 1:56 PM",,,"SVMTA-26032900002",,"ကိုရခိုင်",,,,"24","7,000",,"",,,"168,000",
,,,

"Item - 8991380232162, 8991380232162 Loreal Revitalift Facial Foam ( 100ml ) ",,,,,,,,"Total Qty : 12",,,
,,,,,,,
"29/03/2026 1:56 PM",,,"SVMTA-26032900002",,"ကိုရခိုင်",,,,"12","28,000",,"",,,"336,000",
,,,

"Item - 8992304017827, 8992304017827 Loreal Revitalift Day Cream ( 50ml ) ",,,,,,,,"Total Qty : 18",,,
,,,,,,,
"29/03/2026 1:56 PM",,,"SVMTA-26032900002",,"ကိုရခိုင်",,,,"18","100,000",,"",,,"1,800,000",
,,,

"Item - 8992304082078, 8992304082078 Loreal Aura Perfect Whip Foam ( 100ml ) ",,,,,,,,"Total Qty : 6",,,
,,,,,,,
"29/03/2026 2:21 PM",,,"SVMTA-26032900007",,"ဦးကျော်ဇံ",,,,"6","27,500",,"",,,"165,000",
,,,

"Item - 8994993014392, 8994993014392 Loreal Elseve  Shampoo ( 620ml ) ",,,,,,,,"Total Qty : 56",,,
,,,,,,,
"29/03/2026 1:56 PM",,,"SVMTA-26032900002",,"ကိုရခိုင်",,,,"56","44,500",,"",,,"2,492,000",
,,,

"Item - 8994993014682, 8994993014682 Loreal UV Defender SPF 50 ( 50ml ) ",,,,,,,,"Total Qty : 8",,,
,,,,,,,
"29/03/2026 1:56 PM",,,"SVMTA-26032900002",,"ကိုရခိုင်",,,,"8","81,000",,"",,,"648,000",
,,,

"Item - 8994993016525, 8994993016525 Loreal Glycolic Bright Glowing Day Cream ( 50ml ) ",,,,,,,,"Total Qty : 9",,,
,,,,,,,
"29/03/2026 5:51 PM",,,"SVWWA-26032900172",,"လက်လီ",,,,"1","87,000",,"",,,"87,000",
,,,
"29/03/2026 2:21 PM",,,"SVMTA-26032900007",,"ဦးကျော်ဇံ",,,,"3","87,000",,"",,,"261,000",
,,,
"29/03/2026 2:16 PM",,,"SVMTA-26032900005",,"မစုမွန်",,,,"5","87,000",,"",,,"435,000",
,,,

"Item - 8994993016532, 8994993016532 Loreal Glycolic Bright Facial Foam ( 100ml ) ",,,,,,,,"Total Qty : 49",,,
,,,,,,,
"29/03/2026 5:51 PM",,,"SVWWA-26032900172",,"လက်လီ",,,,"1","26,500",,"",,,"26,500",
,,,
"29/03/2026 2:21 PM",,,"SVMTA-26032900007",,"ဦးကျော်ဇံ",,,,"12","26,500",,"",,,"318,000",
,,,
"29/03/2026 2:16 PM",,,"SVMTA-26032900005",,"မစုမွန်",,,,"36","26,500",,"",,,"954,000",
,,,

"Item - 8994993016563, 8994993016563 Loreal Glycolic Bright Night Cream ( 50ml ) ",,,,,,,,"Total Qty : 1",,,
,,,,,,,
"29/03/2026 5:51 PM",,,"SVWWA-26032900172",,"လက်လီ",,,,"1","87,000",,"",,,"87,000",
,,,
"",,,,,,,,,,,

"279","8,353,500",,,

"Group",,,"- Makeup",,,,,,,,,,,,,,,,,,,,,""

"Item - CD163, CD163 MAC Ximal Matte Lipstick ",,,,,,,,"Total Qty : 1",,,
,,,
"29/03/2026 6:00 PM",,,"SVWWA-26032900175",,"လက်လီ",,,,"1","50,000",,"",,,"50,000",
,,,

"Item - CD205, CD205 LAURA MERCIER Loose Powder ( 29g ) ",,,,,,,,"Total Qty : 1",,,
,,,
"29/03/2026 2:03 PM",,,"SVWWA-26032900091",,"လက်လီ",,,,"1","173,000",,"",,,"173,000",
,,,

"Item - CM001, CM001 Camella Soft & Smooth Face Powder ",,,,,,,,"Total Qty : 4",,,
,,,
"29/03/2026 12:00 PM",,,"SVWWA-26032900049",,"လက်လီ",,,,"1","24,500",,"",,,"24,500",
,,,
"29/03/2026 3:19 PM",,,"SVHH-26032900046",,"လက်လီ",,,,"2","24,500",,"",,,"49,000",
,,,
"29/03/2026 5:09 PM",,,"SVWWA-26032900159",,"လက်လီ",,,,"1","24,500",,"",,,"24,500",
,,,

"Item - CM032, CM032 Camella Eye Brow Cake ",,,,,,,,"Total Qty : 2",,,
,,,
"29/03/2026 5:01 PM",,,"SVWWA-26032900155",,"လက်လီ",,,,"1","21,000",,"",,,"21,000",
,,,
"29/03/2026 6:21 PM",,,"SVWWA-26032900183",,"လက်လီ",,,,"1","21,000",,"",,,"21,000",
,,,

"Print Date : 4/2/2026 4:52:58 PM",,,,,,,"Page 18 of 30",,,
"Item - CM168, CM168 Camella Excellence UV Cover Foundation ",,,,,,"Total Qty : 1",,
,,,,,
"29/03/2026 6:38 PM","SVWWA-26032900187",,"လက်လီ",,,"1","16,000",,"",,"16,000",
,,

"Item - EC017, EC017 IN2IT Ultra Eye Liner Pen ",,,,,,"Total Qty : 1",,
,,
"29/03/2026 4:05 PM","SVWWA-26032900133",,"လက်လီ",,,"1","24,000",,"",,"24,000",
,,

"Item - EC025, EC025 Maybelline Hypercurl  Mascara ",,,,,,"Total Qty : 2",,
,,
"29/03/2026 6:21 PM","SVWWA-26032900183",,"လက်လီ",,,"1","17,500",,"",,"17,500",
,,
"29/03/2026 10:46 AM","SVHH-26032900004",,"လက်လီ",,,"1","17,500",,"",,"17,500",
,,

"Item - EC074, EC074 Sivanna Dual Volume Mascara HF-9020 ",,,,,,"Total Qty : 3",,
,,,,,
"29/03/2026 10:35 AM","SVWWA-26032900021",,"လက်လီ",,,"1","14,500",,"",,"14,500",
,,
"29/03/2026 3:48 PM","SVHH-26032900051",,"လက်လီ",,,"1","14,500",,"",,"14,500",
,,
"29/03/2026 4:05 PM","SVWWA-26032900133",,"လက်လီ",,,"1","14,500",,"",,"14,500",
,,

"Item - EC082, EC082 Odbo Crush Eye Blush Palette ODS04 ",,,,,,"Total Qty : 1",,
,,
"29/03/2026 10:35 AM","SVWWA-26032900021",,"လက်လီ",,,"1","13,500",,"",,"13,500",
,,

"Item - EC092, EC092 Odbo Mini Ribbon Brow Kit OD-777 ",,,,,,"Total Qty : 1",,
,,
"29/03/2026 10:15 AM","SVWWA-26032900009",,"လက်လီ",,,"1","8,500",,"",,"8,500",
,,

"Item - EC108, EC108 Cathy Doll Real Brow 4D Tint ",,,,,,"Total Qty : 1",,
,,
"29/03/2026 3:17 PM","SVHH-26032900045",,"လက်လီ",,,"1","17,500",,"",,"17,500",
,,

"Item - EC110, EC110 Camella Editor Eye Brow ခဲတံ ",,,,,,"Total Qty : 1",,
,,
"29/03/2026 6:21 PM","SVWWA-26032900183",,"လက်လီ",,,"1","8,000",,"",,"8,000",
,,

"Item - EC125, EC125 Meilinda Real Fit Pencil Liner MC-3112 ",,,,,,"Total Qty : 2",,
,,
"29/03/2026 6:03 PM","SVHH-26032900067",,"လက်လီ",,,"1","11,500",,"",,"11,500",
,,
"29/03/2026 4:52 PM","SVWWA-26032900149",,"လက်လီ",,,"1","11,500",,"",,"11,500",
,,

"Item - EC168, EC168 Odbo Duo Gel Liner OD-359 ",,,,,,"Total Qty : 1",,
,,
"29/03/2026 5:21 PM","SVHH-26032900061",,"လက်လီ",,,"1","12,000",,"",,"12,000",
,,

"Item - EC171, EC171 IN2IT Perfect Brow Eye Brow Liner ",,,,,,"Total Qty : 1",,
,,
"29/03/2026 3:20 PM","SVWWA-26032900121",,"လက်လီ",,,"1","22,000",,"",,"22,000",
,,

"Item - FP007, FP007 Now How Silky Translucent Loose Powder B-185 ",,,,,,"Total Qty : 3",,
,,,,,
"29/03/2026 4:33 PM","SVTNM-26032900003",,"ဒေါ်ကြည်ရှိန်",,,"3","17,000",,"",,"51,000",
,,

"Item - FP008, FP008 Now How Fluffy Face Powder B-180 ",,,,,,"Total Qty : 3",,
,,
"29/03/2026 4:33 PM","SVTNM-26032900003",,"ဒေါ်ကြည်ရှိန်",,,"3","16,500",,"",,"49,500",
,,

"Item - FP012, FP012 Revlon Touch & Glow Face Powder ( 43g ) ",,,,,,"Total Qty : 12",,
,,,,,
"29/03/2026 3:19 PM","SVWWA-26032900120",,"လက်လီ",,,"3","41,000",,"",,"123,000",
,,
"29/03/2026 4:10 PM","SVHH-26032900053",,"လက်လီ",,,"1","41,000",,"",,"41,000",
,,
"29/03/2026 2:00 PM","SVWWA-26032900090",,"လက်လီ",,,"1","41,000",,"",,"41,000",
,,
"29/03/2026 3:04 PM","SVTNM-26032900001",,"ကိုနိုင်",,,"6","39,500",,"",,"237,000",
,,
"29/03/2026 10:22 AM","SVHH-26032900002",,"လက်လီ",,,"1","41,000",,"",,"41,000",
,,

"Item - FP028, FP028 KMA Transparent Loose Powder ( B-390 ) ",,,,,,"Total Qty : 1",,
,,,,,
"29/03/2026 12:05 PM","SVWWA-26032900050",,"လက်လီ",,,"1","45,000",,"",,"45,000",
,,

"Print Date : 4/2/2026 4:52:58 PM",,,,,"Page 19 of 30",,
"Item - LP002, LP002 Baby Bright Primer Powder Tint , Mask Friendly Lip Tint ",,,,,,"Total Qty : 2",,
,,,,,
"29/03/2026 2:40 PM","SVWWA-26032900104",,"လက်လီ",,,"1","11,000",,"",,"11,000",
,,
"29/03/2026 10:19 AM","SVWWA-26032900012",,"လက်လီ",,,"1","11,000",,"",,"11,000",
,,

"Item - LP004, LP004 Baby Bright , Cathy Doll Matte Lip ",,,,,,"Total Qty : 1",,
,,
"29/03/2026 10:35 AM","SVWWA-26032900021",,"လက်လီ",,,"1","11,000",,"",,"11,000",
,,

"Item - LP013, LP013 Dorlene Herbal Pink Lip ",,,,,,"Total Qty : 2",,
,,
"29/03/2026 4:05 PM","SVWWA-26032900133",,"လက်လီ",,,"1","12,500",,"",,"12,500",
,,
"29/03/2026 1:17 PM","SVWWA-26032900079",,"လက်လီ",,,"1","12,500",,"",,"12,500",
,,

"Item - LP016, LP016 Healthy Shop Lip Stick ",,,,,,"Total Qty : 15",,
,,
"29/03/2026 12:07 PM","SVWWA-26032900051",,"လက်လီ",,,"1","23,000",,"",,"23,000",
,,
"29/03/2026 12:05 PM","SVWWA-26032900050",,"လက်လီ",,,"1","23,000",,"",,"23,000",
,,
"29/03/2026 2:43 PM","SVWWA-26032900106",,"လက်လီ",,,"3","23,000",,"",,"69,000",
,,
"29/03/2026 4:34 PM","SVHH-26032900054",,"လက်လီ",,,"1","23,000",,"",,"23,000",
,,
"29/03/2026 4:24 PM","SVWWA-26032900141",,"လက်လီ",,,"1","23,000",,"",,"23,000",
,,
"29/03/2026 2:22 PM","SVWWA-26032900097",,"လက်လီ",,,"1","23,000",,"",,"23,000",
,,
"29/03/2026 2:41 PM","SVWWA-26032900105",,"လက်လီ",,,"1","23,000",,"",,"23,000",
,,
"29/03/2026 3:07 PM","SVWWA-26032900115",,"လက်လီ",,,"1","23,000",,"",,"23,000",
,,
"29/03/2026 5:13 PM","SVWWA-26032900160",,"လက်လီ",,,"1","23,000",,"",,"23,000",
,,
"29/03/2026 2:52 PM","SVHH-26032900040",,"လက်လီ",,,"1","23,000",,"",,"23,000",
,,
"29/03/2026 11:39 AM","SVWWA-26032900041",,"လက်လီ",,,"1","23,000",,"",,"23,000",
,,
"29/03/2026 12:28 PM","SVWWA-26032900057",,"လက်လီ",,,"1","23,000",,"",,"23,000",
,,
"29/03/2026 3:32 PM","SVWWA-26032900124",,"လက်လီ",,,"1","23,000",,"",,"23,000",
,,

"Item - LP024, LP024 PAN Tint Matte Lip Color ",,,,,,"Total Qty : 1",,
,,
"29/03/2026 6:11 PM","SVHH-26032900070",,"လက်လီ",,,"1","15,500",,"",,"15,500",
,,

"Item - LP034, LP034 Maybelline Super Stay Matte Ink Lip ( New ) ",,,,,,"Total Qty : 4",,
,,,,,
"29/03/2026 12:30 PM","SVWWA-26032900058",,"လက်လီ",,,"1","29,500",,"",,"29,500",
,,
"29/03/2026 2:03 PM","SVWWA-26032900091",,"လက်လီ",,,"1","29,500",,"",,"29,500",
,,
"29/03/2026 2:52 PM","SVHH-26032900041",,"လက်လီ",,,"1","29,500",,"",,"29,500",
,,
"29/03/2026 5:50 PM","SVWWA-26032900171",,"လက်လီ",,,"1","29,500",,"",,"29,500",
,,

"Item - LP057, LP057 Gina Glam Matte Lip G-37 ",,,,,,"Total Qty : 2",,
,,
"29/03/2026 6:43 PM","SVWWA-26032900191",,"လက်လီ",,,"1","9,500",,"",,"9,500",
,,
"29/03/2026 6:46 PM","SVHH-26032900073",,"လက်လီ",,,"1","9,500",,"",,"9,500",
,,

"Item - LP077, LP077 Revlon Super Lustrous Lip ",,,,,,"Total Qty : 6",,
,,
"29/03/2026 12:00 PM","SVWWA-26032900049",,"လက်လီ",,,"1","18,000",,"",,"18,000",
,,
"29/03/2026 3:15 PM","SVWWA-26032900118",,"လက်လီ",,,"3","18,000",,"",,"54,000",
,,
"29/03/2026 1:10 PM","SVWWA-26032900074",,"လက်လီ",,,"2","18,000",,"",,"36,000",
,,

"Item - LP088, LP088 Sivanna Kiss Me Lip HF-688 ",,,,,,"Total Qty : 2",,
,,
"29/03/2026 3:15 PM","SVWWA-26032900118",,"လက်လီ",,,"2","9,500",,"",,"19,000",
,,

"Item - LS110, LS110 Maybelline Super Stay Lumi Matte Foundation ( 35ml ) ",,,,,,"Total Qty : 6",,
,,,,,
"29/03/2026 3:26 PM","SVHH-26032900047",,"လက်လီ",,,"1","55,000",,"",,"55,000",
,,
"29/03/2026 10:49 AM","SVWWA-26032900025",,"လက်လီ",,,"1","55,000",,"",,"55,000",
,,
"29/03/2026 4:33 PM","SVTNM-26032900003",,"ဒေါ်ကြည်ရှိန်",,,"2","54,000",,"",,"108,000",
,,
"29/03/2026 6:45 PM","SVWWA-26032900193",,"လက်လီ",,,"1","55,000",,"",,"55,000",
,,

"Print Date : 4/2/2026 4:52:58 PM",,,,,"Page 20 of 30",,
"29/03/2026 2:03 PM","SVWWA-26032900091",,"လက်လီ",,,"1","55,000",,"",,"55,000",
,,

"Item - LS111, LS111 Maybelline Super Stay Puff ",,,,,,"Total Qty : 1",,
,,
"29/03/2026 2:44 PM","SVWWA-26032900107",,"လက်လီ",,,"1","43,000",,"",,"43,000",
,,

"Item - LS118, LS118 Maybelline Fit Me Matte Powder Puff အဝိုင်း ",,,,,,"Total Qty : 2",,
,,,,,
"29/03/2026 1:13 PM","SVWWA-26032900077",,"လက်လီ",,,"1","18,000",,"",,"18,000",
,,
"29/03/2026 11:32 AM","SVHH-26032900012",,"လက်လီ",,,"1","18,000",,"",,"18,000",
,,

"Item - LS120, LS120 Maybelline Fit Me Foundation အထုပ် ",,,,,,"Total Qty : 9",,
,,
"29/03/2026 11:32 AM","SVHH-26032900012",,"လက်လီ",,,"1","6,500",,"",,"6,500",
,,
"29/03/2026 6:49 PM","SVWWA-26032900194",,"လက်လီ",,,"1","6,500",,"",,"6,500",
,,
"29/03/2026 4:33 PM","SVTNM-26032900003",,"ဒေါ်ကြည်ရှိန်",,,"6","6,300",,"",,"37,800",
,,
"29/03/2026 6:45 PM","SVWWA-26032900193",,"လက်လီ",,,"1","6,500",,"",,"6,500",
,,

"Item - MC013, MC013 Camella White Card ( 1g x 4 ) ",,,,,,"Total Qty : 6",,
,,
"29/03/2026 10:22 AM","SVWWA-26032900017",,"လက်လီ",,,"2","2,500",,"",,"5,000",
,,
"29/03/2026 12:32 PM","SVHH-26032900020",,"လက်လီ",,,"4","2,500",,"",,"10,000",
,,

"Item - MC050, MC050 Promina  Make Up B-95 ",,,,,,"Total Qty : 1",,
,,
"29/03/2026 3:48 PM","SVHH-26032900050",,"လက်လီ",,,"1","14,000",,"",,"14,000",
,,

"Item - MF017, MF017 IN2IT HYA-Cica Mist Spray ( 50ml ) ",,,,,,"Total Qty : 1",,
,,
"29/03/2026 6:18 PM","SVWWA-26032900181",,"လက်လီ",,,"1","19,000",,"",,"19,000",
,,

"Item - MF024, MF024 KMA မိတ်ကပ်ရည် ( 30ml ) B-360 ",,,,,,"Total Qty : 4",,
,,
"29/03/2026 2:00 PM","SVWWA-26032900090",,"လက်လီ",,,"1","47,500",,"",,"47,500",
,,
"29/03/2026 3:27 PM","SVWWA-26032900123",,"လက်လီ",,,"2","47,500",,"",,"95,000",
,,
"29/03/2026 1:15 PM","SVWWA-26032900078",,"လက်လီ",,,"1","47,500",,"",,"47,500",
,,

"Item - MF027, MF027 Golden Rose Satin Smoothing Fluid Foundation ( 43ml ) ",,,,,,"Total Qty : 2",,
,,,,,
"29/03/2026 3:45 PM","SVWWA-26032900128",,"လက်လီ",,,"1","30,000",,"",,"30,000",
,,
"29/03/2026 6:21 PM","SVWWA-26032900183",,"လက်လီ",,,"1","30,000",,"",,"30,000",
,,

"Item - MF029, MF029 Golden Rose Luminous Finish Primer ( 30ml ) ",,,,,,"Total Qty : 1",,
,,,,,
"29/03/2026 6:18 PM","SVWWA-26032900181",,"လက်လီ",,,"1","37,000",,"",,"37,000",
,,

"Item - MF030, MF030 Gina Glam Double Wear Foundation ( 30ml ) G-45 ",,,,,,"Total Qty : 4",,
,,,,,
"29/03/2026 5:56 PM","SVWWA-26032900174",,"လက်လီ",,,"1","15,000",,"",,"15,000",
,,
"29/03/2026 3:13 PM","SVWWA-26032900117",,"လက်လီ",,,"1","15,000",,"",,"15,000",
,,
"29/03/2026 5:09 PM","SVWWA-26032900159",,"လက်လီ",,,"1","15,000",,"",,"15,000",
,,
"29/03/2026 6:46 PM","SVHH-26032900073",,"လက်လီ",,,"1","15,000",,"",,"15,000",
,,

"Item - MF043, MF043 Odbo Weightless Liquid Foundation OD-4000 ",,,,,,"Total Qty : 1",,
,,,,,
"29/03/2026 6:52 PM","SVWWA-26032900196",,"လက်လီ",,,"1","20,000",,"",,"20,000",
,,

"Item - MF121, MF121 Revlon Colorstay 5 in 1 Concelar Tube ",,,,,,"Total Qty : 1",,
,,
"29/03/2026 12:31 PM","SVHH-26032900019",,"လက်လီ",,,"1","32,500",,"",,"32,500",
,,

"Item - MT074, MT074 MTI Oilfree Foundation Cake  ( 10g ) B-425 ",,,,,,"Total Qty : 1",,
,,,,,
"29/03/2026 4:48 PM","SVWWA-26032900147",,"လက်လီ",,,"1","36,000",,"",,"36,000",
,,

"Item - NC008, NC008 Revlon Nail Colour ( 14.7ml ) ",,,,,,"Total Qty : 2",,
,,
"29/03/2026 10:19 AM","SVWWA-26032900012",,"လက်လီ",,,"1","25,000",,"",,"25,000",
,,

"Print Date : 4/2/2026 4:52:58 PM",,,,,"Page 21 of 30",,
"29/03/2026 10:06 AM",,,"SVWWA-26032900002",,"လက်လီ",,,,"1","25,000",,"",,,"25,000",
,,,

"Item - NC014, NC014 Annasia Nail Remover ( 120ml ) ",,,,,,,,"Total Qty : 1",,,
,,,
"29/03/2026 10:06 AM",,,"SVWWA-26032900002",,"လက်လီ",,,,"1","8,500",,"",,,"8,500",
,,,

"Item - PU001, PU001 ARTY Super Perfect Powder Puff B-199 ",,,,,,,,"Total Qty : 3",,,
,,,,,,,
"29/03/2026 3:19 PM",,,"SVWWA-26032900120",,"လက်လီ",,,,"2","21,000",,"",,,"42,000",
,,,
"29/03/2026 2:00 PM",,,"SVWWA-26032900090",,"လက်လီ",,,,"1","21,000",,"",,,"21,000",
,,,

"Item - PU013, PU013 Cathy Doll CC Puff ",,,,,,,,"Total Qty : 10",,,
,,,
"29/03/2026 3:19 PM",,,"SVTNM-26032900002",,"လက္ကား",,,,"10","17,000",,"",,,"170,000",
,,,

"Item - PU019, PU019 Cute Press Magic Cover Puff ",,,,,,,,"Total Qty : 2",,,
,,,
"29/03/2026 12:00 PM",,,"SVWWA-26032900049",,"လက်လီ",,,,"1","24,000",,"",,,"24,000",
,,,
"29/03/2026 10:22 AM",,,"SVWWA-26032900017",,"လက်လီ",,,,"1","24,000",,"",,,"24,000",
,,,

"Item - PU061, PU061 IN2IT Ultra Smooth Powder Pact SPF-35 ",,,,,,,,"Total Qty : 2",,,
,,,,,,,
"29/03/2026 3:19 PM",,,"SVWWA-26032900120",,"လက်လီ",,,,"2","40,000",,"",,,"80,000",
,,,

"Item - PU115, PU115 Now How Moisture Cake Puff B-280 ",,,,,,,,"Total Qty : 1",,,
,,,
"29/03/2026 10:22 AM",,,"SVHH-26032900002",,"လက်လီ",,,,"1","24,000",,"",,,"24,000",
,,,

"Item - PU116, PU116 Now How Final Powder Puff B-180 ",,,,,,,,"Total Qty : 1",,,
,,,
"29/03/2026 11:35 AM",,,"SVWWA-26032900039",,"လက်လီ",,,,"1","17,000",,"",,,"17,000",
,,,

"Item - PU124, PU124 Odbo Sexy Red Puff OD-638 ",,,,,,,,"Total Qty : 4",,,
,,,
"29/03/2026 3:19 PM",,,"SVWWA-26032900120",,"လက်လီ",,,,"4","17,500",,"",,,"70,000",
,,,

"Item - PU141, PU141 Revlon New Complexion 2 Way Puff အ၀ိုင်း ",,,,,,,,"Total Qty : 2",,,
,,,,,,,
"29/03/2026 6:11 PM",,,"SVHH-26032900071",,"လက်လီ",,,,"1","28,000",,"",,,"28,000",
,,,
"29/03/2026 12:28 PM",,,"SVHH-26032900018",,"လက်လီ",,,,"1","28,000",,"",,,"28,000",
,,,

"Item - SK047, SK047 SKII AIRY UV Cream ( 30ml ) ",,,,,,,,"Total Qty : 1",,,
,,,
"29/03/2026 5:01 PM",,,"SVWWA-26032900156",,"လက်လီ",,,,"1","316,000",,"",,,"316,000",
,,,

"Item - SS062, SS062 Shiseido Synchro Skin Liquid Foundation B-2200 ",,,,,,,,"Total Qty : 1",,,
,,,,,,,
"29/03/2026 10:22 AM",,,"SVHH-26032900002",,"လက်လီ",,,,"1","117,000",,"",,,"117,000",
,,,

"Item - SS078, SS078 Shiseido Fancy Powder ",,,,,,,,"Total Qty : 3",,,
,,,
"29/03/2026 4:35 PM",,,"SVWWA-26032900144",,"လက်လီ",,,,"2","78,000",,"",,,"156,000",
,,,
"29/03/2026 6:00 PM",,,"SVWWA-26032900175",,"လက်လီ",,,,"1","78,000",,"",,,"78,000",
,,,

"Item - SS142, SS142 DHC Lip Care ",,,,,,,,"Total Qty : 1",,,
,,,
"29/03/2026 1:17 PM",,,"SVWWA-26032900079",,"လက်လီ",,,,"1","22,000",,"",,,"22,000",
,,,
"",,,,,,,,,,,

"151","4,120,300",,,

"Group",,,"- Masuri",,,,,,,,,,,,,,,,,,,,,""

"Item - 8802070701922, 8802070701922 Masuri Men Essence ( 150ml ) ",,,,,,,,"Total Qty : 17",,,
,,,,,,,
"29/03/2026 11:08 AM",,,"SVHH-26032900010",,"လက်လီ",,,,"12","57,000",,"",,,"684,000",
,,,
"29/03/2026 5:18 PM",,,"SVHH-26032900059",,"လက်လီ",,,,"5","57,000",,"",,,"285,000",
,,,

"Item - 8809326331711, 8809326331711 Masuri Redwine Facial Foam ( 150ml ) ",,,,,,,,"Total Qty : 1",,,
,,,,,,,
"29/03/2026 4:39 PM",,,"SVWWA-26032900145",,"လက်လီ",,,,"1","38,000",,"",,,"38,000",
,,,

"Print Date : 4/2/2026 4:52:58 PM",,,,,,,"Page 22 of 30",,,
"Item - MS000004, MS000004 Masuri Aqua Collagen Serum Sun Milk SPF 50 Mini ",,,,,,,,"Total Qty : 8",,,
,,,,,,,
"29/03/2026 11:08 AM",,,"SVHH-26032900010",,"လက်လီ",,,,"8","0",,"FOC",,,"0",
,,,

"Item - MS000008, MS000008 Masuri 2nd Skin Air Fit Serum Foundation ( 2ml ) အထုပ် ",,,,,,,,"Total Qty : 8",,,
,,,,,,,
"29/03/2026 11:08 AM",,,"SVHH-26032900010",,"လက်လီ",,,,"8","0",,"FOC",,,"0",
,,,
"",,,,,,,,,,,

"34","1,007,000",,,

"Group",,,"- Maybelline",,,,,,,,,,,,,,,,,,,,,""

"Item - 6902395682943, 6902395682943 Maybelline Super Stay Matt Ink Lip ",,,,,,,,"Total Qty : 7",,,
,,,,,,,
"29/03/2026 2:03 PM",,,"SVMTA-26032900003",,"ကိုရခိုင်",,,,"5","59,500",,"",,,"297,500",
,,,
"29/03/2026 2:20 PM",,,"SVMTA-26032900006",,"မစုမွန်",,,,"2","59,500",,"",,,"119,000",
,,,

"Item - 6902395703495, 6902395703495 Maybelline Line Tattoo Crayon Pen ",,,,,,,,"Total Qty : 1",,,
,,,,,,,
"29/03/2026 6:29 PM",,,"SVWWA-26032900185",,"လက်လီ",,,,"1","62,000",,"",,,"62,000",
,,,

"Item - 6902395832324, 6902395832324 Maybelline Baby Lip Color ",,,,,,,,"Total Qty : 43",,,
,,,,,,,
"29/03/2026 2:20 PM",,,"SVMTA-26032900006",,"မစုမွန်",,,,"7","23,000",,"",,,"161,000",
,,,
"29/03/2026 2:03 PM",,,"SVMTA-26032900003",,"ကိုရခိုင်",,,,"36","23,000",,"",,,"828,000",
,,,

"Item - 6902395970118, 6902395970118 Maybelline Super Stay Lumi Matte Foundation ( 35ml ) ",,,,,,,,"Total Qty : 1",,,
,,,,,,,
"29/03/2026 6:29 PM",,,"SVWWA-26032900185",,"လက်လီ",,,,"1","89,000",,"",,,"89,000",
,,,

"Item - 6902395977230, 6902395977230 Maybelline Super Stay Flex Puff ",,,,,,,,"Total Qty : 1",,,
,,,,,,,
"29/03/2026 6:29 PM",,,"SVWWA-26032900185",,"လက်လီ",,,,"1","94,000",,"",,,"94,000",
,,,
"",,,,,,,,,,,

"53","1,650,500",,,

"Group",,,"- Meishoku",,,,,,,,,,,,,,,,,,,,,""

"Item - 4513574030008, 4513574030008 Meishoku Hatomugi The Cleansing Oil ( 500ml ) ",,,,,,,,"Total Qty : 2",,,
,,,,,,,
"29/03/2026 12:49 PM",,,"SVHH-26032900023",,"လက်လီ",,,,"2","45,000",,"10.00%",,,"81,000",
,,,

"Item - 4513574037830, 4513574037830 Meishoku Hatomugi Hydro Moisture Gel ( 300g ) ",,,,,,,,"Total Qty : 1",,,
,,,,,,,
"29/03/2026 3:33 PM",,,"SVWWA-26032900125",,"လက်လီ",,,,"1","35,000",,"10.00%",,,"31,500",
,,,
"",,,,,,,,,,,

"3","112,500",,,

"Group",,,"- Nivea",,,,,,,,,,,,,,,,,,,,,""

"Item - NV012, NV012 Nivea Soft Cream ( 200ml ) ",,,,,,,,"Total Qty : 7",,,
,,,
"29/03/2026 4:33 PM",,,"SVTNM-26032900003",,"ဒေါ်ကြည်ရှိန်",,,,"6","33,000",,"",,,"198,000",
,,,
"29/03/2026 2:48 PM",,,"SVWWA-26032900108",,"လက်လီ",,,,"1","34,000",,"",,,"34,000",
,,,

"Item - NV026, NV026 Nivea Serum Roll On ( 40ml ) ",,,,,,,,"Total Qty : 1",,,
,,,
"29/03/2026 2:45 PM",,,"SVHH-26032900038",,"လက်လီ",,,,"1","16,000",,"",,,"16,000",
,,,

"Item - NV027, NV027 Nivea Roll On အစုံ ( 25ml ) ",,,,,,,,"Total Qty : 1",,,
,,,
"29/03/2026 5:42 PM",,,"SVWWA-26032900167",,"လက်လီ",,,,"1","7,500",,"",,,"7,500",
,,,

"Item - NV029, NV029 Nivea Roll On  အစုံ ( 50ml ) ",,,,,,,,"Total Qty : 12",,,
,,,
"29/03/2026 10:14 AM",,,"SVWWA-26032900008",,"လက်လီ",,,,"1","12,500",,"",,,"12,500",
,,,

"Print Date : 4/2/2026 4:52:58 PM",,,,,,,"Page 23 of 30",,,
"29/03/2026 2:48 PM",,,"SVWWA-26032900108",,"လက်လီ",,,,"2","12,500",,"",,,"25,000",
,,,
"29/03/2026 12:11 PM",,,"SVWWA-26032900054",,"လက်လီ",,,,"2","12,500",,"",,,"25,000",
,,,
"29/03/2026 5:42 PM",,,"SVWWA-26032900167",,"လက်လီ",,,,"1","12,500",,"",,,"12,500",
,,,
"29/03/2026 1:48 PM",,,"SVWWA-26032900087",,"လက်လီ",,,,"1","12,500",,"",,,"12,500",
,,,
"29/03/2026 4:55 PM",,,"SVWWA-26032900151",,"လက်လီ",,,,"3","12,500",,"",,,"37,500",
,,,
"29/03/2026 10:49 AM",,,"SVWWA-26032900025",,"လက်လီ",,,,"1","12,500",,"",,,"12,500",
,,,
"29/03/2026 10:23 AM",,,"SVHH-26032900003",,"လက်လီ",,,,"1","12,500",,"",,,"12,500",
,,,

"Item - NV042, NV042 Nivea Men Facial Foam ( 150g ) ",,,,,,,,"Total Qty : 1",,,
,,,
"29/03/2026 4:41 PM",,,"SVHH-26032900055",,"လက်လီ",,,,"1","22,000",,"",,,"22,000",
,,,

"Item - NV045, NV045 Nivea Men Facial Foam ( 100g ) အစုံ ",,,,,,,,"Total Qty : 3",,,
,,,
"29/03/2026 3:20 PM",,,"SVWWA-26032900121",,"လက်လီ",,,,"1","16,000",,"",,,"16,000",
,,,
"29/03/2026 10:49 AM",,,"SVWWA-26032900025",,"လက်လီ",,,,"1","16,000",,"",,,"16,000",
,,,
"29/03/2026 10:23 AM",,,"SVHH-26032900003",,"လက်လီ",,,,"1","16,000",,"",,,"16,000",
,,,
"",,,,,,,,,,,

"25","475,500",,,

"Group",,,"- Pastel",,,,,,,,,,,,,,,,,,,,,""

"Item - 8690644022340, 8690644022340 Pastel Magic Gloff ",,,,,,,,"Total Qty : 2",,,
,,,
"29/03/2026 2:35 PM",,,"SVWWA-26032900103",,"လက်လီ",,,,"1","18,500",,"",,,"18,500",
,,,
"29/03/2026 5:20 PM",,,"SVHH-26032900060",,"လက်လီ",,,,"1","18,500",,"",,,"18,500",
,,,

"Item - 8690644035449, 8690644035449 Pastel Nude Lip Stick ",,,,,,,,"Total Qty : 1",,,
,,,,,,,
"29/03/2026 11:34 AM",,,"SVHH-26032900013",,"လက်လီ",,,,"1","21,000",,"",,,"21,000",
,,,

"Item - 8690644391255, 8690644391255 Pastel Monochrome Eyeshadow ",,,,,,,,"Total Qty : 1",,,
,,,,,,,
"29/03/2026 12:00 PM",,,"SVWWA-26032900048",,"လက်လီ",,,,"1","17,000",,"",,,"17,000",
,,,
"",,,,,,,,,,,

"4","75,000",,,

"Group",,,"- Paul Mitchell",,,,,,,,,,,,,,,,,,,,,""

"Item - PM009, PM009 Paul Mitchell Shampoo One ( 16.9 ) ",,,,,,,,"Total Qty : 2",,,
,,,
"29/03/2026 10:07 AM",,,"SVWWA-26032900003",,"လက်လီ",,,,"1","89,000",,"10.00%",,,"80,100",
,,,
"29/03/2026 2:28 PM",,,"SVWWA-26032900098",,"လက်လီ",,,,"1","89,000",,"10.00%",,,"80,100",
,,,

"Item - PM037, PM037 Paul Mitchell AWG Finishing Spray ( 9.1 ) ",,,,,,,,"Total Qty : 3",,,
,,,,,,,
"29/03/2026 6:24 PM",,,"SVWWA-26032900184",,"လက်လီ",,,,"3","139,000",,"15.00%",,,"354,450",
,,,

"Item - PM038, PM038 Paul Mitchell AWG Nourishing Shampoo ( 8.5 ) ",,,,,,,,"Total Qty : 1",,,
,,,,,,,
"29/03/2026 12:08 PM",,,"SVWWA-26032900052",,"လက်လီ",,,,"1","145,000",,"10.00%",,,"130,500",
,,,

"Item - PM071, PM071 Paul Mitchell Shampoo One ( 10.14 ) ",,,,,,,,"Total Qty : 1",,,
,,,
"29/03/2026 5:53 PM",,,"SVWWA-26032900173",,"လက်လီ",,,,"1","74,000",,"10.00%",,,"66,600",
,,,

"Item - PM085, PM085 Paul Mitchell The Detangler ( 10.14 ) ",,,,,,,,"Total Qty : 2",,,
,,,
"29/03/2026 5:02 PM",,,"SVWWA-26032900157",,"လက်လီ",,,,"1","79,000",,"10.00%",,,"71,100",
,,,
"29/03/2026 10:05 AM",,,"SVWWA-26032900001",,"လက်လီ",,,,"1","79,000",,"10.00%",,,"71,100",
,,,

"Item - PM104, PM104 Paul Mitchell Foaming Pommade ( 8.5 ) ",,,,,,,,"Total Qty : 2",,,
,,,,,,,
"29/03/2026 6:24 PM",,,"SVWWA-26032900184",,"လက်လီ",,,,"2","145,000",,"15.00%",,,"246,500",
,,,

"Item - PM110, PM110 Paul Mitchell Freeze & Shine ( 16.9 ) ",,,,,,,,"Total Qty : 1",,,
,,,
"29/03/2026 6:24 PM",,,"SVWWA-26032900184",,"လက်လီ",,,,"1","120,000",,"15.00%",,,"102,000",
,,,

"Print Date : 4/2/2026 4:52:58 PM",,,,,,,"Page 24 of 30",,,
"Item - PM327, PM327 Paul Mitchell AWG Cream Rinse ( 8.5 ) ",,,,,,,,"Total Qty : 1",,,
,,,
"29/03/2026 12:08 PM",,,"SVWWA-26032900052",,"လက်လီ",,,,"1","35,000",,"",,,"35,000",
,,,
"",,,,,,,,,,,

"13","1,237,450",,,

"Group",,,"- Perfume",,,,,,,,,,,,,,,,,,,,,""

"Item - PF093, PF093 Chanel Bleu EDT (100ml ) ",,,,,,,,"Total Qty : 1",,,
,,,
"29/03/2026 12:31 PM",,,"SVWWA-26032900059",,"လက်လီ",,,,"1","624,000",,"",,,"624,000",
,,,

"Item - PF160, PF160 Elizabeth Arden 5th Avenue  (125ml ) ",,,,,,,,"Total Qty : 1",,,
,,,
"29/03/2026 1:17 PM",,,"SVWWA-26032900079",,"လက်လီ",,,,"1","173,000",,"",,,"173,000",
,,,

"Item - PF406, PF406 YSL Libre EDP ( 30ml ) ",,,,,,,,"Total Qty : 1",,,
,,,
"29/03/2026 12:31 PM",,,"SVWWA-26032900059",,"လက်လီ",,,,"1","276,000",,"",,,"276,000",
,,,

"Item - PF602, PF602 Gucci Flora Gorgeous EDP ( 10ml ) ",,,,,,,,"Total Qty : 1",,,
,,,
"29/03/2026 6:08 PM",,,"SVWWA-26032900178",,"လက်လီ",,,,"1","82,000",,"",,,"82,000",
,,,

"Item - PF634, PF634 Mont Blanc Explorer Extreme EDP ( 4.5ml ) ",,,,,,,,"Total Qty : 1",,,
,,,,,,,
"29/03/2026 6:08 PM",,,"SVWWA-26032900178",,"လက်လီ",,,,"1","33,000",,"",,,"33,000",
,,,

"Item - PF657, PF657 YSL Libre Florale EDP 7.5ml ",,,,,,,,"Total Qty : 1",,,
,,,
"29/03/2026 12:43 PM",,,"SVWWA-26032900065",,"လက်လီ",,,,"1","64,000",,"",,,"64,000",
,,,

"Item - PF802, PF802 Amby Sport ( 100ml ) ",,,,,,,,"Total Qty : 1",,,
,,,
"29/03/2026 12:07 PM",,,"SVWWA-26032900051",,"လက်လီ",,,,"1","68,500",,"",,,"68,500",
,,,

"Item - PF838, PF838 Rasasi Emotion Lady EDP ( 50ml ) ",,,,,,,,"Total Qty : 1",,,
,,,
"29/03/2026 5:09 PM",,,"SVWWA-26032900159",,"လက်လီ",,,,"1","43,000",,"",,,"43,000",
,,,

"Item - WS406, WS406 Golden Rose အစုံ အလွတ် ",,,,,,,,"Total Qty : 1",,,
,,,
"29/03/2026 5:26 PM",,,"SVWWA-26032900165",,"လက်လီ",,,,"1","12,000",,"",,,"12,000",
,,,
"",,,,,,,,,,,

"9","1,375,500",,,

"Group",,,"- Revlon",,,,,,,,,,,,,,,,,,,,,""

"Item - 079181410564, 079181410564 Revlon Sponge Applicator ",,,,,,,,"Total Qty : 2",,,
,,,,,,,
"29/03/2026 3:05 PM",,,"SVHH-26032900043",,"လက်လီ",,,,"2","6,700",,"",,,"13,400",
,,,

"Item - 309970093624, 309970093624 Revlon Photoready Prime Plus Brightening Primer  ( 30ml ) ",,,,,,,,"Total Qty : 1",,,
,,,,,,,
"29/03/2026 3:05 PM",,,"SVHH-26032900043",,"လက်လီ",,,,"1","49,500",,"",,,"49,500",
,,,

"Item - 309970093648, 309970093648 Revlon Photoready Prime Plus Perfecting Primer ( 30ml ) ",,,,,,,,"Total Qty : 4",,,
,,,,,,,
"29/03/2026 3:05 PM",,,"SVHH-26032900043",,"လက်လီ",,,,"3","49,500",,"",,,"148,500",
,,,
"29/03/2026 1:06 PM",,,"SVWWA-26032900073",,"လက်လီ",,,,"1","49,500",,"",,,"49,500",
,,,

"Item - 309970225117, 309970225117 Revlon Illuminance Serum Tint ( 28ml ) ",,,,,,,,"Total Qty : 1",,,
,,,,,,,
"29/03/2026 1:06 PM",,,"SVWWA-26032900073",,"လက်လီ",,,,"1","84,500",,"7,000",,,"77,500",
,,,

"Item - 309974677059, 309974677059 Revlon Colorstay 24 Hours Foundation ( 30ml ) ",,,,,,,,"Total Qty : 2",,,
,,,,,,,
"29/03/2026 5:05 PM",,,"SVWWA-26032900158",,"လက်လီ",,,,"1","79,000",,"3,000",,,"76,000",
,,,
"29/03/2026 1:06 PM",,,"SVWWA-26032900073",,"လက်လီ",,,,"1","79,000",,"",,,"79,000",
,,,

"Print Date : 4/2/2026 4:52:58 PM",,,,,,,"Page 25 of 30",,,
"Item - 309978695103, 309978695103 Revlon Colorsilk Hair Color ",,,,,,,,"Total Qty : 1",,,
,,,,,,,
"29/03/2026 5:16 PM",,,"SVHH-26032900057",,"လက်လီ",,,,"1","27,000",,"",,,"27,000",
,,,
"",,,,,,,,,,,

"11","520,400",,,

"Group",,,"- Skin Care",,,,,,,,,,,,,,,,,,,,,""

"Item - AC208, AC208 Botaya တင်းတိတ် Set ",,,,,,,,"Total Qty : 3",,,
,,,
"29/03/2026 4:35 PM",,,"SVWWA-26032900144",,"လက်လီ",,,,"2","98,000",,"",,,"196,000",
,,,
"29/03/2026 12:28 PM",,,"SVWWA-26032900057",,"လက်လီ",,,,"1","98,000",,"",,,"98,000",
,,,

"Item - AC210, AC210 Skin She တင်းတိတ် Set ",,,,,,,,"Total Qty : 1",,,
,,,
"29/03/2026 10:55 AM",,,"SVWWA-26032900028",,"လက်လီ",,,,"1","66,000",,"",,,"66,000",
,,,

"Item - BL005, BL005 Aron UV White Tone Up Spray SPF 50 ( 100ml ) ",,,,,,,,"Total Qty : 1",,,
,,,,,,,
"29/03/2026 2:00 PM",,,"SVWWA-26032900090",,"လက်လီ",,,,"1","9,600",,"",,,"9,600",
,,,

"Item - BL054, BL054 Deleaf Pomegranate Gel ( 40ml ) ",,,,,,,,"Total Qty : 5",,,
,,,
"29/03/2026 2:18 PM",,,"SVHH-26032900031",,"လက်လီ",,,,"1","32,000",,"",,,"32,000",
,,,
"29/03/2026 10:22 AM",,,"SVWWA-26032900017",,"လက်လီ",,,,"1","32,000",,"",,,"32,000",
,,,
"29/03/2026 10:44 AM",,,"SVWWA-26032900023",,"လက်လီ",,,,"3","32,000",,"",,,"96,000",
,,,

"Item - BT065, BT065 Clinique Moisturizing , Gel ( 125ml ) ",,,,,,,,"Total Qty : 2",,,
,,,
"29/03/2026 4:49 PM",,,"SVWWA-26032900148",,"လက်လီ",,,,"1","118,000",,"",,,"118,000",
,,,
"29/03/2026 6:05 PM",,,"SVHH-26032900068",,"လက်လီ",,,,"1","118,000",,"",,,"118,000",
,,,

"Item - BT068, BT068 Clinique Moisture Surge ( 200ml ) ",,,,,,,,"Total Qty : 1",,,
,,,
"29/03/2026 3:01 PM",,,"SVWWA-26032900113",,"လက်လီ",,,,"1","339,000",,"",,,"339,000",
,,,

"Item - CD096, CD096 Lancome Tonique Confort Toner ပန်းရောင် ( 400ml ) B-2050 ",,,,,,,,"Total Qty : 4",,,
,,,,,,,
"29/03/2026 4:49 PM",,,"SVWWA-26032900148",,"လက်လီ",,,,"1","205,000",,"",,,"205,000",
,,,
"29/03/2026 3:04 PM",,,"SVWWA-26032900114",,"လက်လီ",,,,"1","205,000",,"",,,"205,000",
,,,
"29/03/2026 12:31 PM",,,"SVWWA-26032900059",,"လက်လီ",,,,"2","205,000",,"",,,"410,000",
,,,

"Item - CD097, CD097 Lancome Tonique Confort Toner ( 50ml )ပန်း ",,,,,,,,"Total Qty : 3",,,
,,,,,,,
"29/03/2026 12:59 PM",,,"SVWWA-26032900070",,"လက်လီ",,,,"1","30,000",,"",,,"30,000",
,,,
"29/03/2026 6:21 PM",,,"SVWWA-26032900183",,"လက်လီ",,,,"1","30,000",,"",,,"30,000",
,,,
"29/03/2026 2:03 PM",,,"SVWWA-26032900091",,"လက်လီ",,,,"1","30,000",,"",,,"30,000",
,,,

"Item - CP022, CP022 Cute Press Calming Cica Booster Serum ( 30ml ) B-420 ",,,,,,,,"Total Qty : 1",,,
,,,,,,,
"29/03/2026 10:22 AM",,,"SVWWA-26032900017",,"လက်လီ",,,,"1","37,000",,"",,,"37,000",
,,,

"Item - CP027, CP027 Cute Press Ideal Moist Milk ( 80ml ) ",,,,,,,,"Total Qty : 1",,,
,,,
"29/03/2026 4:34 PM",,,"SVHH-26032900054",,"လက်လီ",,,,"1","22,000",,"",,,"22,000",
,,,

"Item - CP051, CP051 Cute Press Natural Facial Foam ( 75g ) ",,,,,,,,"Total Qty : 1",,,
,,,
"29/03/2026 6:12 PM",,,"SVWWA-26032900180",,"လက်လီ",,,,"1","11,500",,"",,,"11,500",
,,,

"Item - DR011, DR011 Dr Somchai Acne Lotion ( 24ml ) ",,,,,,,,"Total Qty : 1",,,
,,,
"29/03/2026 12:59 PM",,,"SVWWA-26032900069",,"လက်လီ",,,,"1","13,500",,"",,,"13,500",
,,,

"Item - EU004, EU004 Eucerin Hyaluron Cleansing Gel ( 200ml ) B-600 ",,,,,,,,"Total Qty : 1",,,
,,,,,,,
"29/03/2026 11:54 AM",,,"SVWWA-26032900046",,"လက်လီ",,,,"1","59,000",,"",,,"59,000",
,,,

"Print Date : 4/2/2026 4:52:58 PM",,,,,,,"Page 26 of 30",,,
"Item - FF009, FF009 Cathy Doll Acne,Bright Cleansing Foam ( 150ml ) ",,,,,,"Total Qty : 1",,
,,,,,
"29/03/2026 2:07 PM","SVWWA-26032900095",,"လက်လီ",,,"1","15,000",,"",,"15,000",
,,

"Item - FF015, FF015 Camella Gluta White  Foam ( 150g ) ",,,,,,"Total Qty : 1",,
,,
"29/03/2026 3:26 PM","SVHH-26032900047",,"လက်လီ",,,"1","20,000",,"",,"20,000",
,,

"Item - FF016, FF016 Dr.G Medi UV Moisture Tone Up Sun Cream ( 50ml ) ",,,,,,"Total Qty : 1",,
,,,,,
"29/03/2026 10:14 AM","SVWWA-26032900008",,"လက်လီ",,,"1","48,000",,"",,"48,000",
,,

"Item - FF032, FF032 Herballine Moisturizing Facial Cleanser ( 180g ) ",,,,,,"Total Qty : 1",,
,,,,,
"29/03/2026 6:18 PM","SVWWA-26032900181",,"လက်လီ",,,"1","11,000",,"",,"11,000",
,,

"Item - FF035, FF035 IN2IT Cica Glow Sunscreen SPF-50 ( 40g ) ",,,,,,"Total Qty : 1",,
,,,,,
"29/03/2026 12:28 PM","SVHH-26032900017",,"လက်လီ",,,"1","36,000",,"",,"36,000",
,,

"Item - FF090, FF090 Tea Tree Natural Triple Benefits Facial Foam ( 140g ) ",,,,,,"Total Qty : 1",,
,,,,,
"29/03/2026 2:05 PM","SVHH-26032900030",,"လက်လီ",,,"1","23,500",,"",,"23,500",
,,

"Item - GF004, GF004 Giffarine Balancing Toner ( 100ml ) B-150 ",,,,,,"Total Qty : 2",,
,,,,,
"29/03/2026 11:18 AM","SVWWA-26032900033",,"လက်လီ",,,"2","11,000",,"",,"22,000",
,,

"Item - GF010, GF010 Giffarine Fresh Yuzu & Vit C Facial Foam ( 75g ) B-139 ",,,,,,"Total Qty : 2",,
,,,,,
"29/03/2026 10:51 AM","SVHH-26032900008",,"လက်လီ",,,"1","11,000",,"",,"11,000",
,,
"29/03/2026 11:45 AM","SVWWA-26032900043",,"လက်လီ",,,"1","11,000",,"",,"11,000",
,,

"Item - GF020, GF020 Giffarine Whitiss Whitening Facial Foam ( 85g ) B-245 ",,,,,,"Total Qty : 1",,
,,,,,
"29/03/2026 3:01 PM","SVWWA-26032900113",,"လက်လီ",,,"1","17,000",,"",,"17,000",
,,

"Item - HG061, HG061 Cathy Doll Aloe Toner & Essence ( 300ml ) ",,,,,,"Total Qty : 1",,
,,,,,
"29/03/2026 1:33 PM","SVWWA-26032900083",,"လက်လီ",,,"1","25,500",,"",,"25,500",
,,

"Item - LS009, LS009 Loreal Revital Day Cream ( 50ml ) ",,,,,,"Total Qty : 7",,
,,
"29/03/2026 4:33 PM","SVTNM-26032900003",,"ဒေါ်ကြည်ရှိန်",,,"6","65,000",,"",,"390,000",
,,
"29/03/2026 1:23 PM","SVWWA-26032900081",,"လက်လီ",,,"1","70,000",,"",,"70,000",
,,

"Item - LS010, LS010 Loreal Revital Night Cream ( 50ml ) ",,,,,,"Total Qty : 1",,
,,
"29/03/2026 1:23 PM","SVWWA-26032900081",,"လက်လီ",,,"1","70,000",,"",,"70,000",
,,

"Item - LS013, LS013 Loreal Revital Triple Power Serum ( 30ml ) ",,,,,,"Total Qty : 5",,
,,,,,
"29/03/2026 11:54 AM","SVHH-26032900014",,"လက်လီ",,,"1","82,000",,"",,"82,000",
,,
"29/03/2026 4:33 PM","SVTNM-26032900003",,"ဒေါ်ကြည်ရှိန်",,,"3","82,000",,"",,"246,000",
,,
"29/03/2026 6:45 PM","SVWWA-26032900193",,"လက်လီ",,,"1","82,000",,"",,"82,000",
,,

"Item - LS018, LS018 Loreal Revitalift Triple Power Serum ( 6ml ) အထုပ် ",,,,,,"Total Qty : 2",,
,,,,,
"29/03/2026 10:49 AM","SVWWA-26032900025",,"လက်လီ",,,"2","6,000",,"",,"12,000",
,,

"Item - LS021, LS021 Loreal Glycolic Bright Anti-Dark Spot Exfoliant Peel ( 25ml ) ",,,,,,"Total Qty : 1",,
,,,,,
"29/03/2026 10:12 AM","SVWWA-26032900007",,"လက်လီ",,,"1","80,000",,"",,"80,000",
,,

"Print Date : 4/2/2026 4:52:58 PM",,,,,"Page 27 of 30",,
"Item - LS022, LS022 Loreal Glycolic Bright Serum ( 15ml ) ",,,,,,"Total Qty : 3",,
,,
"29/03/2026 4:33 PM","SVTNM-26032900003",,"ဒေါ်ကြည်ရှိန်",,,"3","33,000",,"",,"99,000",
,,

"Item - LS023, LS023 Loreal Glycolic Bright Anti-Dark Spot UV Fluid ( 50ml ) ",,,,,,"Total Qty : 1",,
,,,,,
"29/03/2026 10:12 AM","SVWWA-26032900007",,"လက်လီ",,,"1","65,000",,"",,"65,000",
,,

"Item - LS027, LS027 Loreal Glycolic - Bright Day Cream ( 50ml ) ",,,,,,"Total Qty : 6",,
,,,,,
"29/03/2026 11:35 AM","SVWWA-26032900039",,"လက်လီ",,,"1","65,000",,"",,"65,000",
,,
"29/03/2026 2:48 PM","SVWWA-26032900108",,"လက်လီ",,,"1","65,000",,"",,"65,000",
,,
"29/03/2026 1:48 PM","SVWWA-26032900087",,"လက်လီ",,,"1","65,000",,"",,"65,000",
,,
"29/03/2026 4:13 PM","SVWWA-26032900135",,"လက်လီ",,,"1","65,000",,"",,"65,000",
,,
"29/03/2026 11:36 AM","SVWWA-26032900040",,"လက်လီ",,,"1","65,000",,"",,"65,000",
,,
"29/03/2026 12:31 PM","SVHH-26032900019",,"လက်လီ",,,"1","65,000",,"",,"65,000",
,,

"Item - LS028, LS028 Loreal Glycolic - Bright Night Cream ( 50ml ) ",,,,,,"Total Qty : 2",,
,,,,,
"29/03/2026 1:48 PM","SVWWA-26032900087",,"လက်လီ",,,"1","65,000",,"",,"65,000",
,,
"29/03/2026 2:48 PM","SVWWA-26032900108",,"လက်လီ",,,"1","65,000",,"",,"65,000",
,,

"Item - LS029, LS029 Loreal Glycolic - Bright Serum ( 30ml ) ",,,,,,"Total Qty : 5",,
,,
"29/03/2026 2:48 PM","SVWWA-26032900108",,"လက်လီ",,,"2","80,000",,"",,"160,000",
,,
"29/03/2026 2:29 PM","SVWWA-26032900099",,"လက်လီ",,,"1","80,000",,"",,"80,000",
,,
"29/03/2026 1:38 PM","SVWWA-26032900085",,"လက်လီ",,,"1","80,000",,"",,"80,000",
,,
"29/03/2026 1:02 PM","SVHH-26032900025",,"လက်လီ",,,"1","80,000",,"",,"80,000",
,,

"Item - LS031, LS031 Loreal Glycolic Bright Serum ( 6ml ) အထုပ် ",,,,,,"Total Qty : 6",,
,,,,,
"29/03/2026 1:48 PM","SVWWA-26032900087",,"လက်လီ",,,"6","6,000",,"",,"36,000",
,,

"Item - LS045, LS045 Loreal Revitalift Toner ( 200ml ) ",,,,,,"Total Qty : 6",,
,,
"29/03/2026 1:23 PM","SVWWA-26032900081",,"လက်လီ",,,"1","33,000",,"",,"33,000",
,,
"29/03/2026 4:13 PM","SVWWA-26032900135",,"လက်လီ",,,"2","33,000",,"",,"66,000",
,,
"29/03/2026 2:35 PM","SVHH-26032900034",,"လက်လီ",,,"1","33,000",,"",,"33,000",
,,
"29/03/2026 6:45 PM","SVWWA-26032900193",,"လက်လီ",,,"1","33,000",,"",,"33,000",
,,
"29/03/2026 10:12 AM","SVWWA-26032900007",,"လက်လီ",,,"1","33,000",,"",,"33,000",
,,

"Item - LS052, LS052 Loreal Aura Perfect Milky Facial Foam ( 100ml ) ",,,,,,"Total Qty : 2",,
,,,,,
"29/03/2026 1:37 PM","SVHH-26032900027",,"လက်လီ",,,"2","18,000",,"",,"36,000",
,,

"Item - LS053, LS053 Loreal Revital  Facial Foam ( 100ml ) ",,,,,,"Total Qty : 1",,
,,
"29/03/2026 10:49 AM","SVWWA-26032900025",,"လက်လီ",,,"1","20,000",,"",,"20,000",
,,

"Item - LS074, LS074 Loreal UV Defender ( 50ml ) ",,,,,,"Total Qty : 1",,
,,
"29/03/2026 2:51 PM","SVHH-26032900039",,"လက်လီ",,,"1","65,000",,"",,"65,000",
,,

"Item - MT065, MT065 Ottie Pitree Aqua Rich Deep Cleansing Foam ( 150ml ) ",,,,,,"Total Qty : 1",,
,,,,,
"29/03/2026 4:49 PM","SVWWA-26032900148",,"လက်လီ",,,"1","40,000",,"",,"40,000",
,,

"Item - OL050, OL050 Olay Natural Aura Light Day Cream ( 50 g ) ဝါ ",,,,,,"Total Qty : 1",,
,,,,,
"29/03/2026 3:49 PM","SVWWA-26032900129",,"လက်လီ",,,"1","38,000",,"",,"38,000",
,,

"Print Date : 4/2/2026 4:52:58 PM",,,,,"Page 28 of 30",,
"Item - OL051, OL051 Olay Natural Aura Light Night Cream ( 50 g ) ဝါ ",,,,,,,,"Total Qty : 1",,,
,,,,,,,
"29/03/2026 3:49 PM",,,"SVWWA-26032900129",,"လက်လီ",,,,"1","38,000",,"",,,"38,000",
,,,

"Item - PO103, PO103 Pond's Bright Miracle Facial Foam ( 90g ) အစုံ ",,,,,,,,"Total Qty : 1",,,
,,,,,,,
"29/03/2026 6:18 PM",,,"SVWWA-26032900181",,"လက်လီ",,,,"1","12,000",,"",,,"12,000",
,,,

"Item - RT020, RT020 Rohto Acnes Vitamin Cream ( 40g ) ",,,,,,,,"Total Qty : 1",,,
,,,
"29/03/2026 12:52 PM",,,"SVWWA-26032900068",,"လက်လီ",,,,"1","31,000",,"",,,"31,000",
,,,

"Item - SC035, SC035 BSC Vitamin Brightening Serum ( 50g ) ",,,,,,,,"Total Qty : 7",,,
,,,
"29/03/2026 10:49 AM",,,"SVWWA-26032900025",,"လက်လီ",,,,"2","6,000",,"",,,"12,000",
,,,
"29/03/2026 6:02 PM",,,"SVHH-26032900066",,"လက်လီ",,,,"2","6,000",,"",,,"12,000",
,,,
"29/03/2026 5:54 PM",,,"SVHH-26032900065",,"လက်လီ",,,,"3","6,000",,"",,,"18,000",
,,,

"Item - SM045, SM045 Smooth E Gold Foam 4OZ ( 120g ) ",,,,,,,,"Total Qty : 1",,,
,,,
"29/03/2026 2:34 PM",,,"SVWWA-26032900102",,"လက်လီ",,,,"1","42,000",,"",,,"42,000",
,,,

"Item - SS041, SS041 Shiseido SB Lotion Wet Force New ( 50ml ) B-1650 ",,,,,,,,"Total Qty : 1",,,
,,,,,,,
"29/03/2026 2:00 PM",,,"SVWWA-26032900089",,"လက်လီ",,,,"1","130,000",,"",,,"130,000",
,,,

"Item - SS088, SS088 Shiseido Anessa Sunblock Tube SPF-50 ( 90ml ) Moisturizer,Tone Up ( New ) ",,,,,,,,"Total Qty : 2",,,
,,,,,,,
"29/03/2026 12:05 PM",,,"SVWWA-26032900050",,"လက်လီ",,,,"1","69,000",,"",,,"69,000",
,,,
"29/03/2026 4:49 PM",,,"SVWWA-26032900148",,"လက်လီ",,,,"1","69,000",,"",,,"69,000",
,,,

"Item - SS500, SS500 Hatomugi Facial Washing ( 170g ) ",,,,,,,,"Total Qty : 1",,,
,,,
"29/03/2026 2:50 PM",,,"SVWWA-26032900109",,"လက်လီ",,,,"1","25,000",,"",,,"25,000",
,,,

"Item - SS501, SS501 Hatomugi Acne Facial Washing ( 130g  ) ",,,,,,,,"Total Qty : 1",,,
,,,,,,,
"29/03/2026 5:27 PM",,,"SVHH-26032900063",,"လက်လီ",,,,"1","21,500",,"",,,"21,500",
,,,

"Item - SS502, SS502 Hatomugi Nature Skin Condition Gel ( 180g ) ",,,,,,,,"Total Qty : 1",,,
,,,,,,,
"29/03/2026 2:50 PM",,,"SVWWA-26032900109",,"လက်လီ",,,,"1","43,500",,"",,,"43,500",
,,,

"Item - SS503, SS503 Hatomugi UV Milky Gel ( 70,80g ) ",,,,,,,,"Total Qty : 4",,,
,,,
"29/03/2026 2:48 PM",,,"SVWWA-26032900108",,"လက်လီ",,,,"1","28,500",,"",,,"28,500",
,,,
"29/03/2026 2:50 PM",,,"SVWWA-26032900109",,"လက်လီ",,,,"1","28,500",,"",,,"28,500",
,,,
"29/03/2026 5:47 PM",,,"SVWWA-26032900169",,"လက်လီ",,,,"1","28,500",,"",,,"28,500",
,,,
"29/03/2026 10:52 AM",,,"SVWWA-26032900027",,"လက်လီ",,,,"1","28,500",,"",,,"28,500",
,,,
"",,,,,,,,,,,

"109","5,583,600",,,

"Group",,,"- Wet n Wild",,,,,,,,,,,,,,,,,,,,,""

"Item - 8809445611299, 8809445611299 Wet n Wild Lebelage Dr.Jumbo Ampoule CICA ( 250ml ) ",,,,,,,,"Total Qty : 1",,,
,,,,,,,
"29/03/2026 2:04 PM",,,"SVMTA-26032900004",,"ဦးကျော်ဇံ",,,,"1","36,900",,"",,,"36,900",
,,,

"Item - 8809445611381, 8809445611381 Wet n Wild Lebelage Dr.Tea Tree Derma Cream ( 50ml ) ",,,,,,,,"Total Qty : 2",,,
,,,,,,,
"29/03/2026 3:00 PM",,,"SVWWA-26032900112",,"လက်လီ",,,,"2","27,900",,"65.00%",,,"19,530",
,,,

"Item - 8809445611565, 8809445611565 Wet n Wild Lebelage Dr.Jumbo Ampoule Snail ( 250ml ) ",,,,,,,,"Total Qty : 3",,,
,,,,,,,
"29/03/2026 3:17 PM",,,"SVHH-26032900045",,"လက်လီ",,,,"1","36,900",,"50.00%",,,"18,450",
,,,
"29/03/2026 3:00 PM",,,"SVWWA-26032900112",,"လက်လီ",,,,"2","36,900",,"50.00%",,,"36,900",
,,,

"Print Date : 4/2/2026 4:52:58 PM",,,,,,,"Page 29 of 30",,,
"Item - 8809445617185, 8809445617185 Wet n Wild Lebelage Collagen Derma Lotion ( 200ml ) ",,,,,,"Total Qty : 1",,,,
,,,,,
"29/03/2026 3:17 PM","SVHH-26032900045",,"လက်လီ",,,,,"1","27,900",,"40.00%",,,"16,740",
,,,,

"Item - 8809632887339, 8809632887339 Wet n Wild Accine Ageless Glow BB Cream ( 30g ) ",,,,,,"Total Qty : 1",,,,
,,,,,
"29/03/2026 2:04 PM","SVMTA-26032900004",,"ဦးကျော်ဇံ",,,,,"1","37,000",,"",,,"37,000",
,,,,

"Item - 8809679091553, 8809679091553 Wet n Wild Lebelage Dr. Capsule Mask Pack ",,,,,,"Total Qty : 5",,,,
,,,,,
"29/03/2026 3:00 PM","SVWWA-26032900112",,"လက်လီ",,,,,"2","3,000",,"",,,"6,000",
,,,,
"29/03/2026 2:45 PM","SVHH-26032900038",,"လက်လီ",,,,,"3","3,000",,"",,,"9,000",
,,,,

"Item - 8809679091997, 8809679091997 Wet n Wild Lebelage Damage Care Treatment ( 150ml ) ",,,,,,"Total Qty : 1",,,,
,,,,,
"29/03/2026 2:04 PM","SVMTA-26032900004",,"ဦးကျော်ဇံ",,,,,"1","0",,"FOC",,,"0",
,,,,

"Item - 8809679092475, 8809679092475 Wet n Wild Lebelage Eye Cream ( 40ml ) ",,,,,,"Total Qty : 1",,,,
,,,,,
"29/03/2026 2:04 PM","SVMTA-26032900004",,"ဦးကျော်ဇံ",,,,,"1","0",,"FOC",,,"0",
,,,,

"Item - 8809934860238, 8809934860238 Wet n Wild Accine Collagen Toner ( 155ml ) ",,,,,,"Total Qty : 1",,,,
,,,,,
"29/03/2026 2:04 PM","SVMTA-26032900004",,"ဦးကျော်ဇံ",,,,,"1","42,000",,"",,,"42,000",
,,,,

"Item - 8809934860245, 8809934860245 Wet n Wild Accine Collagen Milk Lotion ( 155ml ) ",,,,,,"Total Qty : 1",,,,
,,,,,
"29/03/2026 2:04 PM","SVMTA-26032900004",,"ဦးကျော်ဇံ",,,,,"1","52,000",,"",,,"52,000",
,,,,

"Item - 8809934860269, 8809934860269 Wet n Wild Accine Collagen Cleansing Foam ( 150ml ) ",,,,,,"Total Qty : 1",,,,
,,,,,
"29/03/2026 2:29 PM","SVWWA-26032900100",,"လက်လီ",,,,,"1","36,000",,"",,,"36,000",
,,,,

"Item - 8809934860351, 8809934860351 Wet n Wild Accine Anti Trouble Calming Serum ( 60ml ) ",,,,,,"Total Qty : 1",,,,
,,,,,
"29/03/2026 2:04 PM","SVMTA-26032900004",,"ဦးကျော်ဇံ",,,,,"1","55,000",,"",,,"55,000",
,,,,

"Item - 8809934860368, 8809934860368 Wet n Wild Accine Anti Trouble Calming Cream ( 55g ) ",,,,,,"Total Qty : 1",,,,
,,,,,
"29/03/2026 2:04 PM","SVMTA-26032900004",,"ဦးကျော်ဇံ",,,,,"1","57,000",,"",,,"57,000",
,,,,

"Item - 8809934861334, 8809934861334 Wet n Wild Accine 12 Melanock Brightening Solution ( 50ml ) ",,,,,,"Total Qty : 1",,,,
,,,,,
"29/03/2026 2:04 PM","SVMTA-26032900004",,"ဦးကျော်ဇံ",,,,,"1","62,000",,"",,,"62,000",
,,,,
"",,,,,,,,,,,,

"21","484,520",,,

"",,,,,,,,,,,,

"",,,,,,,,,,,,

"1,273","39,108,540",,,

"",,,,,,,,,,,,,,,,,,,,,

"Print Date : 4/2/2026 4:52:58 PM",,,,,,"Page 30 of 30",,,
